Strategy,Sharpe_diff,CI_lo_95,CI_hi_95,LW_p,LW_p_adj,LW_reject
GMV-EK,0.08734725863313113,-0.06910772350831447,0.24804587107384551,0.273,0.364,False
HRP-E,0.08966950543573325,-0.1062385559393748,0.2924019600285464,0.379,0.379,False
EW,0.22535784961836813,-0.01644389182839484,0.4789314253879631,0.078,0.212,False
SPY-100,0.21956656649379025,-0.04959531174156334,0.4934894337464437,0.106,0.212,False
