,AnnReturn,AnnVol,Sharpe,MaxDD,Calmar,Turnover,SharpeStab,Sortino,Omega,VaR95,CVaR95,Skew,Kurt,HitRate
HMVA,0.11624993263250594,0.17211787333724407,0.6754088368540803,-0.6519629884463612,0.17830756452836607,1.112597273367092,0.12306097127221122,0.8156778192716817,1.148986891427748,-0.014790899482393571,-0.02446042609756156,-1.7363938676093542,42.15650970814139,0.5347292685176644
HMVA-mv,0.11803051524144714,0.1481832914039382,0.7965170305179919,-0.503254057815339,0.23453465184925848,0.9646599976735991,0.12479499089695423,0.9841896640954336,1.1681521529372718,-0.01315485098617505,-0.021219465219811537,-1.1907401283254453,33.55496284717999,0.5373120560833872
HRP,0.1274430792793695,0.15150208693657588,0.8411968564678693,-0.45106970356473886,0.28253522298705763,0.4318023639374298,0.11817536794468977,1.0434538865434155,1.1787898344694319,-0.013826384995241272,-0.02208760328320997,-0.842423333812659,25.646550198457142,0.545706115671986
MVO,0.06759251962502422,0.29758959949864844,0.2271333398038704,-0.8470672781707942,0.07979592810028903,1.3741350004060888,0.12263679934711133,0.2883918914552937,1.076869898517776,-0.024937999999999967,-0.04356524536606316,0.14972067875730918,20.89978351864925,0.5173876948620976
EW,0.12418033360463787,0.17921262350896952,0.6929217996656507,-0.5506307611807713,0.22552378537360657,0.06158914728682172,0.11473598341660224,0.8741632574794104,1.1503826004436526,-0.01653206690595725,-0.0263125293091749,-0.6186027896848927,17.65791573978595,0.5419241767364634
SPY-K,0.12538555568199827,0.18124925942155667,0.6917852027763137,-0.5324039981007436,0.23550829093937858,0.07132381586558549,0.11267035759676051,0.8813757940143976,1.14945700697567,-0.016899034881846412,-0.026542707270399445,-0.5761179427205876,16.865154497879967,0.5399870860621714
