,AnnReturn,AnnVol,Sharpe,MaxDD,Calmar,Turnover,SharpeStab,Sortino,Omega,VaR95,CVaR95,Skew,Kurt,HitRate
HMVA,0.13726304382694487,0.17671107647401585,0.7767653650569463,-0.3672283018813056,0.37378122308043293,1.100694182991827,0.1132453757184317,1.0253385554199645,1.1653822575068535,-0.01557195291173299,-0.02530755440065825,-0.11281880716639206,13.291685371021167,0.5398444252376836
HMVA-mv,0.1038737711894997,0.15140594867489907,0.686061360855371,-0.3594601663130863,0.2889715771706027,0.9666568591672698,0.10925984460758524,0.8778996816333038,1.1472435428977266,-0.013286368359542012,-0.02197008428745792,-0.2689918873641585,16.929465340731014,0.5412273120138289
MVO,0.13477565223039534,0.2556257421142643,0.527238184682319,-0.6037156395536459,0.2232435991388943,1.2453936622485198,0.12219278407468281,0.6789658195702962,1.1326526944660118,-0.02184929277371901,-0.03684746428146331,0.569152623218679,24.921843612936446,0.5318928262748488
GMV,0.09586649174762152,0.14639825040351825,0.6548335890858272,-0.36223962545155697,0.26464937851047426,0.7625431453742437,0.11495026872521201,0.8329280142846385,1.141502557634555,-0.013529426412230875,-0.02153090887399739,-0.10244502748608729,15.394974882459803,0.5445116681071738
HRP,0.08815856230121444,0.16443234917103527,0.5361387996075869,-0.47715949117860823,0.18475701297161312,0.32526979623151325,0.11179697002172109,0.6688422740160952,1.1220196569635104,-0.015229187697544043,-0.024790620883953562,-0.14869288290850824,13.783353703803737,0.5438202247191011
EW,0.08982595160272866,0.1882416298816008,0.47718430646412746,-0.5520665309811985,0.16270856239569398,0.05687272727272727,0.1117126585227906,0.5960707776817384,1.1119736902421578,-0.017778377097755933,-0.028631714560749186,-0.18390785011363042,11.65176402097425,0.5452031114952464
SPY-K,0.09509053230523845,0.18906384755663003,0.5029546025543361,-0.5232526005031034,0.1817296888994142,0.06562876870731324,0.11222672636838746,0.6351845904570663,1.1162190976871975,-0.017949922111278247,-0.02865709568665508,-0.12665974625289111,10.546928408929954,0.5434745030250648
