,AnnReturn,AnnVol,Sharpe,MaxDD,Calmar,Turnover,SharpeStab,Sortino,Omega,VaR95,CVaR95,Skew,Kurt,HitRate
HMVA,0.11541056609585665,0.16994063744313223,0.6791228268428547,-0.6417624067678968,0.17983379032296085,1.1098530077467137,0.12337480081827065,0.8229741508810863,1.1484363812308669,-0.014732121265569418,-0.024181852367993112,-1.7323875593329519,40.194076487792834,0.5346370261046028
HMVA-mv,0.11691907883227648,0.14678764587971377,0.7965185226016002,-0.5068575987046052,0.2306744125590519,0.9628882658039621,0.12510399298730743,0.9822785815335238,1.167152207153417,-0.013084452934523169,-0.02103934712439221,-1.308616293521883,33.59743497737815,0.5370353288442026
HRP,0.1274430792793695,0.15150208693657588,0.8411968564678693,-0.45106970356473886,0.28253522298705763,0.4318023639374298,0.11817536794468977,1.0434538865434155,1.1787898344694319,-0.013826384995241272,-0.02208760328320997,-0.842423333812659,25.646550198457142,0.545706115671986
MVO,0.06759251962502422,0.29758959949864844,0.2271333398038704,-0.8470672781707942,0.07979592810028903,1.3741350004060888,0.12263679934711133,0.2883918914552937,1.076869898517776,-0.024937999999999967,-0.04356524536606316,0.14972067875730918,20.89978351864925,0.5173876948620976
EW,0.12418033360463787,0.17921262350896952,0.6929217996656507,-0.5506307611807713,0.22552378537360657,0.06158914728682172,0.11473598341660224,0.8741632574794104,1.1503826004436526,-0.01653206690595725,-0.0263125293091749,-0.6186027896848927,17.65791573978595,0.5419241767364634
SPY-K,0.12538555568199827,0.18124925942155667,0.6917852027763137,-0.5324039981007436,0.23550829093937858,0.07132381586558549,0.11267035759676051,0.8813757940143976,1.14945700697567,-0.016899034881846412,-0.026542707270399445,-0.5761179427205876,16.865154497879967,0.5399870860621714
