,AnnReturn,AnnVol,Sharpe,MaxDD,Calmar,Turnover,SharpeStab,Sortino,Omega,VaR95,CVaR95,Skew,Kurt,HitRate
HMVA,0.1494760774840771,0.18621930677690857,0.8026884004199951,-0.3824502049629235,0.3908380111825748,1.1493267880691147,0.1129452166495538,1.0785111031533003,1.1698768862541047,-0.016609803131695536,-0.026488857549827088,0.03431647371118674,13.43061702603108,0.5393258426966292
HMVA-mv,0.10294175679803241,0.15062182327205578,0.6834451645967478,-0.3580702825095201,0.2874903666301754,0.9619315808101996,0.10958898594417432,0.8725567023341602,1.1462302275016385,-0.013279612088786967,-0.02192102842597011,-0.3403894331993726,16.719900163588704,0.54019014693172
HRP,0.09262470246456767,0.15595925908921127,0.5939031962929806,-0.42521067518032163,0.2178324954454348,0.4163158226084097,0.11268745890162615,0.7405591177059975,1.1321214812104308,-0.014502452563228234,-0.023453925704755758,-0.19595350521012453,13.851378980642561,0.5443388072601556
MVO,0.10804642085506022,0.36676119548012137,0.2945961082758996,-0.6729856076694791,0.16054789229329947,1.4508490836342072,0.1213611739462093,0.38790731725911637,1.0991111514896248,-0.031468199999999724,-0.05358547703582534,0.6533870742205645,18.07431304604489,0.5189282627484875
EW,0.08982595160272866,0.1882416298816008,0.47718430646412746,-0.5520665309811985,0.16270856239569398,0.05687272727272727,0.1117126585227906,0.5960707776817384,1.1119736902421578,-0.017778377097755933,-0.028631714560749186,-0.18390785011363042,11.65176402097425,0.5452031114952464
SPY-K,0.09509053230523845,0.18906384755663003,0.5029546025543361,-0.5232526005031034,0.1817296888994142,0.06562876870731324,0.11222672636838746,0.6351845904570663,1.1162190976871975,-0.017949922111278247,-0.02865709568665508,-0.12665974625289111,10.546928408929954,0.5434745030250648
