,AnnReturn,AnnVol,Sharpe,MaxDD,Calmar,Turnover,SharpeStab,Sortino,Omega,VaR95,CVaR95,Skew,Kurt,HitRate
HMVA,0.1494760774840771,0.18621930677690857,0.8026884004199951,-0.3824502049629235,0.3908380111825748,1.1493267880691147,0.1129452166495538,1.0785111031533003,1.1698768862541047,-0.016609803131695536,-0.026488857549827088,0.03431647371118674,13.43061702603108,0.5393258426966292
HMVA-mv,0.10294175679803241,0.15062182327205578,0.6834451645967478,-0.3580702825095201,0.2874903666301754,0.9619315808101996,0.10958898594417432,0.8725567023341602,1.1462302275016385,-0.013279612088786967,-0.02192102842597011,-0.3403894331993726,16.719900163588704,0.54019014693172
HRP,0.09184608537690919,0.16270922487666484,0.5644798901016793,-0.424488852269303,0.2163686628892682,0.2907690932107376,0.10895840740913386,0.7112116438943062,1.1262981007246244,-0.015148163706184123,-0.024344275929499518,-0.14667004873426387,13.573260442019382,0.5438202247191011
MVO,-0.003395662851735426,0.3043783629349006,-0.011156058594288708,-0.7287595749260365,-0.004659510445650144,0.48879445735928173,0.1083828781279131,-0.013950371169400013,1.02890528681314,-0.027169599999999714,-0.04682208965517196,-0.20153719809905493,13.364081237216016,0.5068280034572169
GMV,0.06619970702361977,0.14705980501392624,0.4501550033834929,-0.3664658754849882,0.18064357816675225,0.32905616796649023,0.11593325048283983,0.5628873620113035,1.102294745217841,-0.01296642214729478,-0.021789450654101324,-0.3948002831556017,18.393926448227944,0.5336214347450302
EW,0.08982595160272866,0.1882416298816008,0.47718430646412746,-0.5520665309811985,0.16270856239569398,0.05687272727272727,0.1117126585227906,0.5960707776817384,1.1119736902421578,-0.017778377097755933,-0.028631714560749186,-0.18390785011363042,11.65176402097425,0.5452031114952464
SPY-K,0.09509053230523845,0.18906384755663003,0.5029546025543361,-0.5232526005031034,0.1817296888994142,0.06562876870731324,0.11222672636838746,0.6351845904570663,1.1162190976871975,-0.017949922111278247,-0.02865709568665508,-0.12665974625289111,10.546928408929954,0.5434745030250648
