,AnnReturn,AnnVol,Sharpe,MaxDD,Calmar,Turnover,SharpeStab,Sortino,Omega,VaR95,CVaR95,Skew,Kurt,HitRate
HMVA,0.1398338415747209,0.17285266301177143,0.8089770741061598,-0.3812289763067753,0.36679751610013106,1.0882656731879805,0.10927699760332442,1.076175145603637,1.171944157637555,-0.015282606528233964,-0.02470893263309522,-0.06042039548044565,12.631660264329538,0.5369057908383751
HMVA-mv,0.10187446997510774,0.14935976134021242,0.6820744025096395,-0.3535298197065153,0.2881637256502984,0.9455466070615235,0.10961578140257251,0.8736179411938402,1.1459156338325385,-0.01306896378242501,-0.021782979555072742,-0.27382804396897636,15.88562867596174,0.5420916162489197
HRP,0.09262470246456767,0.15595925908921127,0.5939031962929806,-0.42521067518032163,0.2178324954454348,0.4163158226084097,0.11268745890162615,0.7405591177059975,1.1321214812104308,-0.014502452563228234,-0.023453925704755758,-0.19595350521012453,13.851378980642561,0.5443388072601556
MVO,0.13864186928903388,0.3179397288471731,0.43606336896536796,-0.6922528643145471,0.20027633894489388,1.3893486509193937,0.12160715717411658,0.5593606795999436,1.1242716503776378,-0.026435139069505918,-0.045618898303603654,0.6254069795244304,25.222750099636816,0.5273984442523768
EW,0.08982595160272866,0.1882416298816008,0.47718430646412746,-0.5520665309811985,0.16270856239569398,0.05687272727272727,0.1117126585227906,0.5960707776817384,1.1119736902421578,-0.017778377097755933,-0.028631714560749186,-0.18390785011363042,11.65176402097425,0.5452031114952464
SPY-K,0.09509053230523845,0.18906384755663003,0.5029546025543361,-0.5232526005031034,0.1817296888994142,0.06562876870731324,0.11222672636838746,0.6351845904570663,1.1162190976871975,-0.017949922111278247,-0.02865709568665508,-0.12665974625289111,10.546928408929954,0.5434745030250648
