,AnnReturn,AnnVol,Sharpe,MaxDD,Calmar,Turnover,SharpeStab,Sortino,Omega,VaR95,CVaR95,Skew,Kurt,HitRate
HMVA,0.15625128798172794,0.17163642065372003,0.910362074591197,-0.39000937741683916,0.4006346950338266,0.9800677863491104,0.11256143841871266,1.2106387830019296,1.189239474033868,-0.01521145084692829,-0.024466707987253426,-0.009234698544394007,13.428836891202266,0.5400172860847018
HMVA-1,0.046636872530995355,0.05065387562119621,0.920697023851815,-0.149424013940345,0.31211096062252974,0.30847424311255117,0.11519120152459911,1.1599872534841063,1.1874433749551134,-0.0044290422490337236,-0.0070680257954323315,-0.9809029566049075,28.52461568849057,0.5400172860847018
HRP,0.09262470246456767,0.15595925908921127,0.5939031962929806,-0.42521067518032163,0.2178324954454348,0.4163158226084097,0.11268745890162615,0.7405591177059975,1.1321214812104308,-0.014502452563228234,-0.023453925704755758,-0.19595350521012453,13.851378980642561,0.5443388072601556
MVO,0.11609516898117889,0.24593776201103987,0.47205101010867745,-0.5255717532665591,0.22089309073331764,1.1340622909086682,0.1156123474974114,0.6367808215891516,1.112399733503587,-0.021964794849172544,-0.035090814644712476,-0.06900858352211937,10.286857172870763,0.5254969749351772
EW,0.08982595160272866,0.1882416298816008,0.47718430646412746,-0.5520665309811985,0.16270856239569398,0.05687272727272727,0.1117126585227906,0.5960707776817384,1.1119736902421578,-0.017778377097755933,-0.028631714560749186,-0.18390785011363042,11.65176402097425,0.5452031114952464
SPY-K,0.09509053230523845,0.18906384755663003,0.5029546025543361,-0.5232526005031034,0.1817296888994142,0.06562876870731324,0.11222672636838746,0.6351845904570663,1.1162190976871975,-0.017949922111278247,-0.02865709568665508,-0.12665974625289111,10.546928408929954,0.5434745030250648
