Strategy,Sharpe_diff,LW_p,DM_stat,DM_p,LW_p_holm,LW_p_bh,DM_p_holm,DM_p_bh
HMVA-mv,0.11526660433348024,0.226,-2.658593697657678,0.007846752833646553,0.3975,0.226,0.039233764168232765,0.02354025850093966
HRP,0.21980109662754754,0.177,-2.005254801816162,0.04493581411020697,0.3975,0.21239999999999998,0.17252807623434752,0.06740372116531046
MVO,0.6995920507964309,0.003,-2.02242931556873,0.04313201905858688,0.018000000000000002,0.018000000000000002,0.17252807623434752,0.06740372116531046
GMV,0.33171752629800466,0.0285,-3.0222635742324897,0.0025089198535199753,0.14250000000000002,0.0855,0.015053519121119852,0.015053519121119852
EW,0.29006636545739284,0.0935,-1.6645682281468428,0.0959989284801055,0.374,0.18699999999999997,0.191997856960211,0.1151987141761266
SPY-K,0.2661952969120088,0.1325,-1.4762733165362678,0.139870534380647,0.3975,0.19875,0.191997856960211,0.139870534380647
