Strategy,Sharpe_diff,LW_p,LW_p_holm,LW_p_bh
HMVA-mv,-0.09846949798819815,0.1145,0.458,0.28625
HRP,-0.13910095129038413,0.305,0.915,0.5083333333333333
MVO,0.360203881941891,0.034,0.17,0.17
EW,-0.014344226475910049,0.9255,1.0,0.9254999999999999
SPY-K,-0.013915047919217272,0.9245,1.0,0.9254999999999999
