Strategy,Sharpe_diff,LW_p,LW_p_holm,LW_p_bh
HMVA-1,0.006625624088484883,0.944,0.944,0.944
HRP,0.285771319350135,0.014,0.042,0.023333333333333334
MVO,0.3620970495702188,0.0635,0.127,0.079375
EW,0.38062468939766736,0.003,0.015,0.015
SPY-K,0.35675362085228335,0.0085,0.034,0.02125
