Strategy,Sharpe_diff,LW_p,DM_stat,DM_p,LW_p_holm,LW_p_bh,DM_p_holm,DM_p_bh
HMVA-mv,0.09470040694569726,0.2395,-2.5254379515194563,0.011555418510879267,0.4245,0.23949999999999996,0.057777092554396337,0.0346662555326378
HRP,0.20544476708544512,0.171,-1.813753999396436,0.06971560745064087,0.4245,0.2052,0.26355562805041455,0.1045734111759613
MVO,0.5455775204840682,0.007,-1.8391786964409194,0.06588890701260364,0.042,0.042,0.26355562805041455,0.1045734111759613
GMV,0.31736119675590224,0.027,-2.934137944653062,0.003344755202745908,0.135,0.081,0.02006853121647545,0.02006853121647545
EW,0.2757100359152904,0.0955,-1.456011993934148,0.14538930402876127,0.382,0.19099999999999998,0.29077860805752254,0.17446716483451352
SPY-K,0.2518389673699064,0.1415,-1.259489855261006,0.20785345219313944,0.4245,0.2052,0.29077860805752254,0.20785345219313944
