Strategy,Sharpe_diff,LW_p,LW_p_holm,LW_p_bh
HRP,0.2714836941890447,0.0205,0.041,0.027333333333333334
MVO,0.34780942259827974,0.071,0.071,0.071
EW,0.3663370642365771,0.0065,0.026,0.022
SPY-K,0.34246599569119307,0.011,0.033,0.022
