Strategy,Sharpe_diff,LW_p,LW_p_holm,LW_p_bh
HMVA-mv,0.119391696842291,0.112,0.428,0.18666666666666668
HRP,0.19768242854771945,0.1695,0.428,0.2
MVO,0.2770384239901814,0.2,0.428,0.2
EW,0.2925357985952518,0.074,0.37,0.18666666666666668
SPY-K,0.2686647300498678,0.107,0.428,0.18666666666666668
