Strategy,Sharpe_diff,LW_p,LW_p_holm,LW_p_bh
HMVA-mv,-0.10136604084807477,0.1195,0.478,0.29874999999999996
HRP,-0.14172215698220092,0.3015,0.9045,0.5025
MVO,0.3575826762500742,0.037,0.185,0.185
EW,-0.016965432167726835,0.909,1.0,0.909
SPY-K,-0.016536253611034057,0.906,1.0,0.909
