Strategy,Sharpe_diff,LW_p,DM_stat,DM_p,LW_p_holm,LW_p_bh,DM_p_holm,DM_p_bh
HMVA-mv,0.08781617694396526,0.2685,-2.4053752780536914,0.016155865627858867,0.8055000000000001,0.3564,0.0969351937671532,0.0969351937671532
MVO,0.19441761946459812,0.297,0.36508705345462833,0.7150464247463268,0.8055000000000001,0.3564,0.7150464247463268,0.7150464247463267
GMV,0.11782810701409774,0.4105,-1.878459148043281,0.06031838058906813,0.8055000000000001,0.41050000000000003,0.30159190294534066,0.13409747910496295
HRP,0.22029583486395732,0.1485,-1.8313471815740836,0.06704873955248147,0.7424999999999999,0.313,0.30159190294534066,0.13409747910496295
EW,0.26518776089325036,0.1065,-1.3899437573383038,0.16454595675961858,0.639,0.313,0.49363787027885575,0.24681893513942788
SPY-K,0.24131669234786635,0.1565,-1.1926209047789895,0.23301787493811355,0.7424999999999999,0.313,0.49363787027885575,0.27962144992573623
