Strategy,Sharpe_diff,LW_p,DM_stat,DM_p,LW_p_holm,LW_p_bh,DM_p_holm,DM_p_bh
HMVA-mv,0.11526660433348024,0.226,-2.658593697657678,0.007846752833646553,0.4375,0.22600000000000003,0.039233764168232765,0.039233764168232765
HRP,0.19521299540986048,0.218,-2.0314342478234857,0.04221096322196538,0.4375,0.22600000000000003,0.16884385288786152,0.10552740805491345
MVO,0.37925173251331235,0.0875,0.19676874540009884,0.8440085104811714,0.4375,0.22083333333333335,0.8440085104811714,0.8440085104811714
EW,0.29006636545739284,0.0935,-1.6645682281468428,0.0959989284801055,0.4375,0.22083333333333335,0.2879967854403165,0.15999821413350915
SPY-K,0.2661952969120088,0.1325,-1.4762733165362678,0.139870534380647,0.4375,0.22083333333333335,0.2879967854403165,0.17483816797580876
