n,median_ratio,p95_ratio,max_ratio,match_pct
10,1.0,1.0,1.0,69.0
12,0.9999999999999997,1.0,1.0,52.666666666666664
14,0.9999999999999998,1.0,1.0,54.333333333333336
16,0.9906203974216639,1.0,1.0,48.333333333333336
