n,median_ratio,p95_ratio,max_ratio,match_pct
12,0.9999999999999998,1.0,1.0,53.0
14,0.9999999999999998,1.0,1.0,51.0
16,0.9959771124473298,1.0,1.0,49.0
18,0.9999999999999996,1.0,1.0,51.0
20,0.9714247170418431,1.0,1.0,39.0
