n,median_ratio,p95_ratio,max_ratio,match_pct
12,0.9999999999999999,1.0,1.0,71.0
14,0.9999999999999999,1.0,1.0,69.0
16,0.9999999999999999,1.0,1.0,69.0
18,0.9999999999999999,1.0,1.0,69.0
20,0.9999999999999996,1.0,1.0,56.00000000000001
