strategy,sharpe_diff,lw_p,ci_lo_95,ci_hi_95,lw_p_adj,reject
HMVA-noK,0.06744509040556555,0.245,-0.0446362549750742,0.18900237165033643,0.7215,False
HMVA-noE,0.06978215895658459,0.573,-0.17298280163407798,0.31350697658510657,0.7215,False
HMVA-noK-noE,0.08065120540171909,0.5705,-0.18895190199472262,0.35364653295445064,0.7215,False
HMVA-mv,0.04131140896412701,0.6475,-0.13328528991468047,0.21157701320629102,0.7215,False
HMVA-mv-noK,0.06471830057183402,0.4675,-0.10878320891077754,0.24162679414961558,0.7215,False
HMVA-mv-noE,0.0885402487105253,0.4705,-0.1485798079557984,0.3298448950667222,0.7215,False
HMVA-mv-noK-noE,0.04581876725559446,0.7215,-0.20547843304783414,0.29846186252858464,0.7215,False
