strategy,sharpe_diff,lw_p,ci_lo_95,ci_hi_95,lw_p_adj,reject
HMVA-noK,0.17895850456888454,0.0075,0.04737060058591899,0.32018436066934886,0.0525,False
HMVA-noE,0.14549008211112185,0.2595,-0.11860665738188358,0.4024362842411942,0.2695,False
HMVA-noK-noE,0.21726672447140283,0.14,-0.06639349871492528,0.5144087983635744,0.2915,False
HMVA-mv,0.0912100375203405,0.2915,-0.08754902888503464,0.2570358404260181,0.2915,False
HMVA-mv-noK,0.158709565592345,0.077,-0.013564595856570105,0.33565224360268286,0.2915,False
HMVA-mv-noE,0.14289037127560125,0.255,-0.10633799346024053,0.39887071306123034,0.2915,False
HMVA-mv-noK-noE,0.14497300872098504,0.283,-0.11616314898937172,0.4106263338078183,0.2915,False
