,AnnReturn,AnnVol,Sharpe,MaxDD,Calmar,Turnover,SharpeStab,Sortino,Omega,VaR95,CVaR95,Skew,Kurt,HitRate
HRP,0.09380115366852682,0.1633010665477699,0.5744062525218565,-0.4177224058466853,0.2245538002166784,0.31725416274160023,0.1079374355477205,0.7271117611642606,1.1279331409588578,-0.015113894802689598,-0.02441786724594128,-0.12728725218202636,13.187646179835667,0.5433016421780467
+NLS+EWMA,0.09262470246456767,0.15595925908921127,0.5939031962929806,-0.42521067518032163,0.2178324954454348,0.4163158226084097,0.11268745890162615,0.7405591177059975,1.1321214812104308,-0.014502452563228234,-0.023453925704755758,-0.19595350521012453,13.851378980642561,0.5443388072601556
+VBTree+Regime,0.11528736415951735,0.16886805024353374,0.6827067878930041,-0.3975624882815517,0.2899855181454429,1.1131404318954234,0.1145730490809912,0.8889157743248854,1.1461727974313831,-0.014680670889994698,-0.0247020326501491,-0.21359412189908614,14.01352894034893,0.5346585998271391
+BL+Sharpe,0.14309664783225307,0.196567733250207,0.7279762831171701,-0.35355836903003013,0.4047327410883573,1.2061944732721777,0.11536645070424195,0.9639030400391897,1.161028023758492,-0.017106587599612925,-0.02811516305968718,0.07783050144034981,16.510444826996462,0.5301642178046673
HMVA,0.15625128798172794,0.17163642065372003,0.910362074591197,-0.39000937741683916,0.4006346950338266,0.9800677863491104,0.11256143841871266,1.2106387830019296,1.189239474033868,-0.01521145084692829,-0.024466707987253426,-0.009234698544394007,13.428836891202266,0.5400172860847018
HMVA + Vol Target,0.011705997044045846,0.012593329702105523,0.929539472161098,-0.03799494003815751,0.30809357857361436,0.07711856077813779,0.11523587936194582,1.1815479830333904,1.1873838395857919,-0.0011087841081288987,-0.0017633213224195969,-0.8395607394424541,24.680082102335607,0.5400172860847018
EW,0.08982595160272866,0.1882416298816008,0.47718430646412746,-0.5520665309811985,0.16270856239569398,0.05687272727272727,0.1117126585227906,0.5960707776817384,1.1119736902421578,-0.017778377097755933,-0.028631714560749186,-0.18390785011363042,11.65176402097425,0.5452031114952464
