stage,label,sharpe,marginal_delta,cumulative_delta
HRP,HRP (baseline),0.5744062525218565,0.5744062525218565,0.0
+NLS+EWMA,+NLS+EWMA (Stages 1+2),0.5939031962929806,0.019496943771124098,0.019496943771124098
+VBTree+Regime,+VBTree+Regime (Stages 4+4*),0.6827067878930041,0.08880359160002349,0.10830053537114759
+BL+Sharpe,+BL+Sharpe (Stages 3+5),0.7279762831171701,0.04526949522416601,0.1535700305953136
HMVA,+L2+L1 (Stage 6),0.910362074591197,0.1823857914740269,0.3359558220693405
HMVA + Vol Target,+Vol Target (Risk Scale),0.929539472161098,0.019177397569901,0.3551332196392415
