stage,label,sharpe,marginal_delta,cumulative_delta
HRP,HRP (baseline),0.5744062525218565,0.5744062525218565,0.0
+NLS+EWMA,+NLS+EWMA (Stages 1+2),0.5939031962929806,0.019496943771124098,0.019496943771124098
+VBTree,+VBTree (Stage 4),0.6357055301048571,0.04180233381187648,0.06129927758300058
+BL+Sharpe,+BL+Sharpe (Stages 3+5),0.7035582627282692,0.06785273262341207,0.12915201020641265
HMVA,+KF Smoother (Stage 6),0.8089770741061598,0.10541881137789066,0.2345708215843033
