Strategy,Sharpe_diff,CI_lo_95,CI_hi_95,LW_p,LW_p_adj,LW_reject
MVO,0.3685079681528813,-0.005075226075556383,0.7655027585590635,0.059,0.154,False
EW,0.2429034034668264,-0.08692633664736218,0.5750644901968918,0.154,0.154,False
SPY-100,0.25868343351245343,-0.07233754145235338,0.5855928522203656,0.133,0.154,False
