strategy,regime,mean_sharpe,n_periods
HMVA,crisis,-0.5613114102073764,4
HMVA,calm,1.1472652392923146,3
HRP,crisis,-0.6352435292932137,4
HRP,calm,1.55079610421124,3
MVO,crisis,-0.5125933665399685,4
MVO,calm,0.9163540411922666,3
EW,crisis,-0.7320754899135309,4
EW,calm,1.452927034277679,3
SPY-K,crisis,-0.7495674127638075,4
SPY-K,calm,1.4281190968811022,3
