strategy,regime,mean_sharpe,n_periods
HMVA,crisis,-0.4049538206145233,4
HMVA,calm,2.105854364114772,3
HRP,crisis,-0.68197574537213,4
HRP,calm,1.4672776105610572,3
GMV,crisis,-0.6830706631010647,4
GMV,calm,0.9789506141012384,3
EW,crisis,-0.7714860737923073,4
EW,calm,1.4541912067415141,3
SPY-K,crisis,-0.7726434689414494,4
SPY-K,calm,1.4204435275842044,3
