strategy,regime,mean_sharpe,n_periods
HMVA,crisis,-0.1951366787752633,4
HMVA,calm,1.4189433556616313,3
HMVA-mv,crisis,-0.23891068806044066,4
HMVA-mv,calm,1.442606287355261,3
HRP,crisis,-0.67423230009954,4
HRP,calm,1.46662433127522,3
MVO,crisis,-0.6817949829917447,4
MVO,calm,0.9835290086517067,3
GMV,crisis,-0.5439269268825365,4
GMV,calm,1.5960872218011322,3
EW,crisis,-0.7714860737923073,4
EW,calm,1.4541912067415141,3
SPY-K,crisis,-0.7726434689414494,4
SPY-K,calm,1.4204435275842044,3
