strategy,regime,mean_sharpe,n_periods
HMVA,crisis,-0.05467767303893826,3
HMVA,calm,0.8002181939681531,1
HMVA-mv,crisis,-0.0909777938541491,3
HMVA-mv,calm,0.8192491723782114,1
HRP,crisis,-0.2341122689509131,3
HRP,calm,0.7901498506827785,1
MVO,crisis,-0.5991337636657831,3
MVO,calm,0.27977440849548385,1
GMV,crisis,-0.2131149559595137,3
GMV,calm,0.7933743848862431,1
EW,crisis,-0.34101844171799467,3
EW,calm,0.6230582411434141,1
SPY-100,crisis,-0.18426065536588,3
SPY-100,calm,0.5640459712799982,1
