strategy,regime,mean_sharpe,n_periods
HMVA,crisis,-0.17620886341643827,4
HMVA,calm,1.6645446043956589,3
HRP,crisis,-0.631591930620695,4
HRP,calm,1.515923058383186,3
MVO,crisis,-0.4329471022635425,4
MVO,calm,0.7274854293856055,3
EW,crisis,-0.7714860737923073,4
EW,calm,1.4541912067415141,3
SPY-K,crisis,-0.7726434689414494,4
SPY-K,calm,1.4204435275842044,3
