strategy,regime,mean_sharpe,n_periods
HMVA,crisis,-0.17901330369069898,4
HMVA,calm,1.4479577321025863,3
HMVA-mv,crisis,-0.27152334726622435,4
HMVA-mv,calm,1.477781975236054,3
HRP,crisis,-0.6849681108031985,4
HRP,calm,1.4770556146737528,3
MVO,crisis,-0.6753846877083725,4
MVO,calm,0.48110061092055884,3
GMV,crisis,-0.8041274236687753,4
GMV,calm,1.048704959398432,3
EW,crisis,-0.7714860737923073,4
EW,calm,1.4541912067415141,3
SPY-K,crisis,-0.7726434689414494,4
SPY-K,calm,1.4204435275842044,3
