strategy,regime,mean_sharpe,n_periods
HMVA,crisis,-0.1789626772439406,4
HMVA,calm,1.4180160688132055,3
HMVA-mv,crisis,-0.2508213338845489,4
HMVA-mv,calm,1.4319200403636883,3
HRP,crisis,-0.6849681108031985,4
HRP,calm,1.4770556146737528,3
MVO,crisis,-0.634582694292074,4
MVO,calm,0.28046569378086916,3
GMV,crisis,-0.8041274236687753,4
GMV,calm,1.048704959398432,3
EW,crisis,-0.7714860737923073,4
EW,calm,1.4541912067415141,3
SPY-K,crisis,-0.7726434689414494,4
SPY-K,calm,1.4204435275842044,3
