strategy,regime,mean_sharpe,n_periods
HMVA,crisis,-0.1789626772439406,4
HMVA,calm,1.4180160688132055,3
HMVA-mv,crisis,-0.2508213338845489,4
HMVA-mv,calm,1.4319200403636883,3
HRP,crisis,-0.631591930620695,4
HRP,calm,1.515923058383186,3
MVO,crisis,-0.7106179839987724,4
MVO,calm,0.54936198749417,3
EW,crisis,-0.7714860737923073,4
EW,calm,1.4541912067415141,3
SPY-K,crisis,-0.7726434689414494,4
SPY-K,calm,1.4204435275842044,3
