strategy,regime,mean_sharpe,n_periods
HMVA,crisis,-0.1789626772439406,4
HMVA,calm,1.4180160688132055,3
HRP,crisis,-0.6431289358831795,4
HRP,calm,1.4842382746183984,3
MVO,crisis,-0.7680332577996596,4
MVO,calm,0.7907941639979351,3
EW,crisis,-0.7714860737923073,4
EW,calm,1.4541912067415141,3
SPY-K,crisis,-0.7726434689414494,4
SPY-K,calm,1.4204435275842044,3
