strategy,regime,mean_sharpe,n_periods
HMVA,crisis,-0.4199460349525593,4
HMVA,calm,2.1171347942134005,3
HRP,crisis,-0.631591930620695,4
HRP,calm,1.515923058383186,3
MVO,crisis,-0.523086389107684,4
MVO,calm,1.255720074129438,3
EW,crisis,-0.7714860737923073,4
EW,calm,1.4541912067415141,3
SPY-K,crisis,-0.7726434689414494,4
SPY-K,calm,1.4204435275842044,3
