,AnnReturn,AnnVol,Sharpe,MaxDD,Calmar,Turnover,SharpeStab
HRP-Sample,0.08872492340748228,0.15659155984045947,0.5666009298194493,-0.44345367529576296,0.20007709564771764,0.3268594480937102,0.1113519585543012
HRP-LW,0.08980704881973356,0.15707228814918495,0.5717561632159847,-0.4447935189277872,0.20190727831696184,0.2964096642418824,0.11195398346314425
HRP-NLS,0.09146543507620408,0.15728730135549643,0.5815182426550534,-0.44636547793390857,0.20491153460068204,0.275682153594811,0.11194924728441662
HRP-POET,0.08717998142394223,0.15441959911802086,0.564565520969341,-0.43283817972139804,0.20141472150182493,0.3097516586657275,0.11071665045222545
EW,0.08963720183757196,0.18822373923906247,0.4762268680876857,-0.5531715687423322,0.16204231544540035,0.05777059650306404,0.11178786058555865
