,AnnReturn,AnnVol,Sharpe,MaxDD,Calmar,Turnover,SharpeStab
HRP-Sample,0.08658987310705735,0.15659142332697054,0.552966894784866,-0.44495522674962296,0.19460356436217707,0.3268594480937102,0.11111679412913483
HRP-LW,0.08786899054653441,0.15707118218825658,0.5594214630741089,-0.4461858995263579,0.19693358898120816,0.2964096642418824,0.1117530922136752
HRP-NLS,0.0896511486689413,0.15728683225215376,0.5699850863880164,-0.4476593999198032,0.20026642729942012,0.275682153594811,0.11176534326754027
HRP-POET,0.0851587744245419,0.1544198901213688,0.5514754242967663,-0.43430056285553686,0.19608257899695286,0.3097516586657275,0.11049613457266942
EW,0.08899288622603163,0.1882245580644401,0.4728016744529385,-0.5537218226237908,0.16071767914860582,0.05777059650306404,0.11174132075245746
