,AnnReturn,AnnVol,Sharpe,MaxDD,Calmar,Turnover,SharpeStab
HRP-Sample,0.09112116152374705,0.15737154698500985,0.5790192907770465,-0.42215351384888156,0.2158484023808593,0.34637544214108734,0.1100973535754676
HRP-LW,0.09056340950446895,0.15741740709949167,0.5753074655030409,-0.4391127936578756,0.20624179211464583,0.3011169995929507,0.11135138712551099
HRP-NLS,0.09166300932930072,0.15745079398473966,0.5821692416373894,-0.4441746030575654,0.20636706533493793,0.2802671246905827,0.11185848310512082
HRP-POET,0.0910373210373685,0.1552770810772502,0.5862894923435451,-0.412795232400888,0.22053869301706758,0.33097954100759197,0.11022033815023151
HMVA,0.12109508165673688,0.16735489974352816,0.723582529357165,-0.34115775656690583,0.354953329730284,0.9780560776645639,0.10968149368594067
EW,0.08956880041899495,0.18824188315688486,0.4758175965778369,-0.5522862375655273,0.16217822267998822,0.05687272727272727,0.11169393854892129
SPY-K,0.09499716611080045,0.18906392999452348,0.502460549262634,-0.5233471000857015,0.18151847233937865,0.06562876870731324,0.11222022992091905
