,AnnReturn,AnnVol,Sharpe,MaxDD,Calmar,Turnover,SharpeStab
Bets HRP,0.09240158794467979,0.1574511622593809,0.5868587225317514,-0.4436226777772664,0.2082886934627645,0.2802671246905827,0.11193399127004404
HMVA,0.12880233945734743,0.17018374959591562,0.7568427641486086,-0.33589696500884947,0.3834578840387975,0.995586792027335,0.10961454406686674
EW,0.08982595160272866,0.1882416298816008,0.47718430646412746,-0.5520665309811993,0.16270856239569376,0.05687272727272727,0.11171265852279046
SPY-K,0.09509053230523845,0.18906384755663005,0.5029546025543361,-0.5232526005031033,0.18172968889941427,0.06562876870731324,0.11222672636838782
