,AnnReturn,AnnVol,Sharpe,MaxDD,Calmar,Turnover,SharpeStab,Sortino,Omega,VaR95,CVaR95,Skew,Kurt,HitRate
HMVA,0.12608912104940329,0.17119079693456818,0.7365414689762589,-0.33586532132948643,0.3754157188669946,1.0006609236207817,0.10943748192025866,0.961606258541449,1.1608148039972521,-0.014971226818166672,-0.02471298641922725,0.0017155435595967439,14.674671780888733,0.5396715643906655
HRP,0.09202930021410971,0.15737200581585228,0.5847882521227894,-0.4213706414916347,0.21840463276779268,0.34637544214108734,0.11019374577015391,0.7341447853453585,1.1301522677468419,-0.014751891424524826,-0.02365582262242527,-0.13501530002439682,13.76276836153896,0.545894554883319
GMV,0.08611853795426105,0.13837069350934744,0.6223755606778355,-0.33751104172267354,0.2551576905890475,0.671238014621094,0.11621869949529745,0.7870684567315201,1.1329477505300518,-0.01267060418486273,-0.02044831264154762,-0.3829178962170783,15.11825401097214,0.5393258426966292
EW,0.08982595160272866,0.1882416298816008,0.47718430646412746,-0.5520665309811993,0.16270856239569376,0.05687272727272727,0.11171265852279046,0.5960707776817384,1.1119736902421575,-0.017778377097755933,-0.028631714560749186,-0.1839078501136306,11.651764020974255,0.5452031114952464
SPY-K,0.09509053230523845,0.18906384755663005,0.5029546025543361,-0.5232526005031033,0.18172968889941427,0.06562876870731324,0.11222672636838782,0.6351845904570663,1.1162190976871975,-0.017949922111278254,-0.02865709568665508,-0.12665974625289111,10.546928408929947,0.5434745030250648
