,AnnReturn,AnnVol,Sharpe,MaxDD,Calmar,Turnover,SharpeStab
Bets HRP,0.12196727321176781,0.15296343474410545,0.7973622808340338,-0.4345061786580148,0.2807031964159114,0.34178320366178244,0.1141420162860547
HMVA,0.11565090860788252,0.16352367673163576,0.7072425896934861,-0.40329107249140583,0.2867678371688901,1.0593076995844435,0.11758488767407405
HMVA-0.10,0.04379394414938376,0.05412109955890063,0.8091843016183049,-0.16346599061804334,0.2679085966677511,0.3697541747719615,0.11869566420053751
EW,0.12145882354269588,0.17906943203109826,0.6782778175205393,-0.5471281875261523,0.22199335788542285,0.05924603174603176,0.11449410944128197
SPY-K,0.12313004479472656,0.18102391626985834,0.680186614740853,-0.5312229237837576,0.2317860154032971,0.0704196754230303,0.11268296144866836
