,AnnReturn,AnnVol,Sharpe,MaxDD,Calmar,Turnover,SharpeStab
HRP-Sample,0.08185493929985155,0.15555946277433666,0.5261971071383484,-0.4434536752957633,0.18458509616648922,0.32873719052478956,0.1111290267963126
HRP-LW,0.08268782548724252,0.15609134373874398,0.5297399811333566,-0.4447935189277863,0.18590159696249342,0.2982160670325976,0.11169876633900311
HRP-NLS,0.0846489729034845,0.15614868025238637,0.5421049525789433,-0.44636547793390813,0.18964050108735828,0.27762977543791156,0.11165678941214298
HRP-POET,0.08344760078666891,0.1533057523391807,0.5443213937729199,-0.4328381797213994,0.1927916821949043,0.3164973477117151,0.11029315329683342
EW,0.0743342073064408,0.1896371393768011,0.39198127302870683,-0.5531715687423332,0.13437821375282144,0.058325386623777654,0.11378529828186568
