Strategy,DM_stat,DM_p,Sharpe_diff,LW_p,DM_p_holm,LW_p_holm,DM_p_bh,LW_p_bh
HMVA,-1.1471643446772855,0.2513137046396292,0.22812832565875785,0.126,1.0,0.378,0.7248017069670221,0.252
HRP,0.35204874408260756,0.7248017069670221,0.08696621464215781,0.064,1.0,0.256,0.7248017069670221,0.252
GMV,0.5559829745558807,0.5782224936885112,0.11513898143906287,0.3495,1.0,0.699,0.7248017069670221,0.46599999999999997
SPY-K,-0.710268950814873,0.4775373701723673,0.0238710685453839,0.5335,1.0,0.699,0.7248017069670221,0.5335
