Strategy,DM_stat,DM_p,Sharpe_diff,LW_p,DM_p_holm,LW_p_holm,DM_p_bh,LW_p_bh
Bets HRP,0.31793882552053254,0.7505313409469836,0.08889092803417764,0.0525,0.9550747403447346,0.1575,0.7505313409469836,0.1575
HMVA,1.0390859061189142,0.2987647850718731,-0.018424441471144637,0.5805,0.8962943552156193,1.0,0.716306055258551,0.5805
SPY-K,-0.710268950814873,0.4775373701723673,0.0238710685453839,0.5335,0.9550747403447346,1.0,0.716306055258551,0.5805
