Strategy,DM_stat,DM_p,Sharpe_diff,LW_p,DM_p_holm,LW_p_holm,DM_p_bh,LW_p_bh
HRP-LW,-0.6017960704124439,0.5473098911749954,0.003478963619211517,0.7,1.0,0.706,0.9039465904612601,0.7
HRP-NLS,-1.5547083917529771,0.12001553509961926,0.014906310279817703,0.1615,0.48006214039847706,0.48450000000000004,0.48006214039847706,0.323
HRP-POET,-0.41524857481104865,0.6779599428459451,0.015896772710806806,0.353,1.0,0.706,0.9039465904612601,0.4706666666666666
EW,0.10410833550191478,0.917083376032994,-0.11059108043344573,0.037,1.0,0.148,0.917083376032994,0.148
