Strategy,DM_stat,DM_p,Sharpe_diff,LW_p,DM_p_holm,LW_p_holm,DM_p_bh,LW_p_bh
HRP-LW,-0.7910525402404232,0.4289133324733214,0.00490996125559684,0.588,1.0,1.0,0.4970945963583939,0.7839999999999999
HRP-NLS,-1.6131803346789397,0.10670533457641307,0.01393258461156377,0.1625,0.4268213383056523,0.504,0.4268213383056523,0.325
HRP-POET,0.777017830654805,0.43714825056021134,-0.002660761794372357,0.8415,1.0,1.0,0.4970945963583939,0.8415
EW,-0.6790682851746038,0.4970945963583939,-0.07089415973101998,0.126,1.0,0.504,0.4970945963583939,0.325
