Strategy,DM_stat,DM_p,Sharpe_diff,LW_p,DM_p_holm,LW_p_holm,DM_p_bh,LW_p_bh
HRP-LW,-0.9268183210025763,0.3540208709293726,0.006116802915817621,0.4975,1.0,0.995,0.46450661396750403,0.6633333333333333
HRP-NLS,-1.801381561459824,0.07164276032611672,0.015892641666413354,0.117,0.28657104130446687,0.468,0.28657104130446687,0.371
HRP-POET,0.7314462666324966,0.46450661396750403,-0.0021767926288610573,0.8675,1.0,0.995,0.46450661396750403,0.8675
EW,-0.8265994296410105,0.40846414075706505,-0.0615004875139773,0.1855,1.0,0.5565,0.46450661396750403,0.371
