Strategy,DM_stat,DM_p,Sharpe_diff,LW_p,DM_p_holm,LW_p_holm,DM_p_bh,LW_p_bh
HRP-LW,-0.81713851104323,0.4138492770310287,0.022074966747813757,0.4745,1.0,1.0,0.6998670918564436,0.788
HRP-NLS,-0.3854998847334142,0.6998670918564431,0.006039790629333908,0.9325,1.0,1.0,0.6998670918564436,0.9325
HRP-POET,1.3413495536362818,0.17980698801247486,-0.01849661346744086,0.2305,1.0,1.0,0.6998670918564436,0.788
HRP-PoetCV,-0.9790809907136395,0.32753996336129765,0.023017201778070068,0.211,1.0,1.0,0.6998670918564436,0.788
EW,-0.3854998847334136,0.6998670918564436,0.006039790629333935,0.9325,1.0,1.0,0.6998670918564436,0.9325
MinVar-LW,-0.6378952859064083,0.5235418466247999,0.19405337988232116,0.452,1.0,1.0,0.6998670918564436,0.788
MinVar-NLS,-0.3854998847334149,0.6998670918564425,0.006039790629333963,0.9325,1.0,1.0,0.6998670918564436,0.9325
RP-Sample,-0.8786628905496949,0.37958408521270526,0.034814582558596124,0.4925,1.0,1.0,0.6998670918564436,0.788
