Strategy,DM_stat,DM_p,Sharpe_diff,LW_p,DM_p_holm,LW_p_holm,DM_p_bh,LW_p_bh
Bets HRP,0.5382553253400594,0.5904007892349012,0.09920108118184723,0.0155,1.0,0.062,0.6973062622099664,0.062
HMVA,0.4528243616364043,0.6506752198580119,0.02109174680937287,0.85,1.0,1.0,0.6973062622099664,0.936
HMVA-0.10,4.424653425835846,9.659723286370436e-06,0.08876065098530983,0.4745,3.8638893145481745e-05,1.0,3.8638893145481745e-05,0.936
SPY-K,-0.38895928914773753,0.6973062622099664,0.0022695450779686155,0.936,1.0,1.0,0.6973062622099664,0.936
