Strategy,DM_stat,DM_p,Sharpe_diff,LW_p,DM_p_holm,LW_p_holm,DM_p_bh,LW_p_bh
Bets HRP,0.31793882552053254,0.7505313409469836,0.08889092803417764,0.0525,0.9550747403447346,0.1575,0.7505313409469836,0.14850000000000002
HMVA,-1.2532049411593615,0.21013113219431379,0.24587548181899233,0.099,0.6303933965829414,0.198,0.6303933965829414,0.14850000000000002
SPY-K,-0.710268950814873,0.4775373701723673,0.0238710685453839,0.5335,0.9550747403447346,0.5335,0.716306055258551,0.5335
