Strategy,DM_stat,DM_p,Sharpe_diff,LW_p,DM_p_holm,LW_p_holm,DM_p_bh,LW_p_bh
HRP-Sample,0.41502846123428533,0.6781210681457996,0.08293404575072372,0.079,1.0,0.3925,0.7151539230512064,0.14850000000000002
HRP-LW,0.47899909407806796,0.631939273132349,0.07955468734096882,0.0785,1.0,0.3925,0.7151539230512064,0.14850000000000002
HRP-NLS,0.36494304321219895,0.7151539230512063,0.08584979495201495,0.0585,1.0,0.35100000000000003,0.7151539230512064,0.14850000000000002
HRP-POET,0.40247541149006033,0.6873341807226279,0.08885428670551276,0.099,1.0,0.3925,0.7151539230512064,0.14850000000000002
HMVA,-1.010322872470149,0.31234062635527327,0.21684570064905662,0.1335,1.0,0.3925,0.7151539230512064,0.1602
SPY-K,-0.7317935812518431,0.4642945674142007,0.02467418658238718,0.519,1.0,0.519,0.7151539230512064,0.519
