strategy,mean_dSharpe,median_dSharpe,pct_positive,mean_sharpe,mean_turnover,n_cells
EW,-0.09473309191177454,-0.09312129349159512,0.0,0.42887652573658713,0.05798545551314074,36
HRP-LW,-0.0024363969515695002,-0.0004581439739725357,0.4166666666666667,0.5211732206967921,0.2962287545189579,36
HRP-NLS,0.0012017162073140078,-0.00014040084237118555,0.4722222222222222,0.5248113338556757,0.2807278938505239,36
HRP-POET,0.0067397283690508614,0.004358716552594927,0.6944444444444444,0.5303493460174126,0.29536906449913675,36
HRP-Sample,0.0,0.0,0.0,0.5236096176483617,0.3117815330024835,36
