strategy,mean_dSharpe,median_dSharpe,pct_positive,mean_sharpe,mean_turnover,n_cells
EW,0.0,0.0,0.0,0.42762521104139956,0.057047185030070245,12
HMVA,0.23672698333062248,0.24248737379313726,1.0,0.664352194372022,0.99085827389354,12
HRP-LW,0.10632349642421969,0.09924413035244328,1.0,0.5339487074656192,0.2899377085927101,12
HRP-NLS,0.11132482521488211,0.11055515764585455,1.0,0.5389500362562817,0.2828813339847423,12
HRP-POET,0.11799868922205962,0.10237413938645429,1.0,0.5456239002634592,0.31247572031760845,12
HRP-Sample,0.1138714988704192,0.11770626195845507,1.0,0.5414967099118188,0.326760740439757,12
SPY-K,0.019970137001702613,0.02437876754949836,1.0,0.44759534804310214,0.06688452500663955,12
