strategy,mean_dSharpe,median_dSharpe,pct_positive,mean_sharpe,mean_turnover,n_cells
EW,-0.10166339733299772,-0.10191459885470927,0.0,0.41318691036135186,0.057211064448228356,24
HRP-LW,-0.0013954154580917769,-0.0013015914733340295,0.4166666666666667,0.5134548922362577,0.3233060361579628,24
HRP-NLS,0.003376394904970742,0.002431934787695822,0.5416666666666666,0.5182267025993202,0.31484516891825637,24
HRP-POET,0.010418352071647118,0.011576129463225338,0.75,0.5252686597659967,0.3532187363352613,24
HRP-Sample,0.0,0.0,0.0,0.5148503076943495,0.3665310441874278,24
SPY-K,-0.0840214930860097,-0.0818059217377527,0.0,0.4308288146083398,0.06731617714028026,24
