Strategy,DM_stat,DM_p,Sharpe_diff,LW_p,DM_p_holm,LW_p_holm,DM_p_bh,LW_p_bh
HRP-LW,-1.6169480722179226,0.10588949039211792,0.05132981346890195,0.1565,0.8471159231369434,1.0,0.5842244413787707,0.5973333333333334
HRP-NLS,-0.4475704238622599,0.6544632522699323,0.010098965998524084,0.902,1.0,1.0,0.7479580025942083,0.902
HRP-POET,-0.22994363524930675,0.8181355686335636,0.007607683118391884,0.594,1.0,1.0,0.8181355686335636,0.902
HRP-PoetCV,-1.4536040611216987,0.14605611034469268,0.029220957992909774,0.09,1.0,0.72,0.5842244413787707,0.5973333333333334
EW,-0.44757042386226,0.6544632522699323,0.010098965998524029,0.902,1.0,1.0,0.7479580025942083,0.902
MinVar-LW,-1.000274931470936,0.3171774754183998,0.27749836394375205,0.224,1.0,1.0,0.6343549508367996,0.5973333333333334
MinVar-NLS,-0.4475704238622604,0.6544632522699318,0.010098965998524112,0.902,1.0,1.0,0.7479580025942083,0.902
RP-Sample,-1.1195228022994559,0.2629171686431766,0.049434519243762576,0.345,1.0,1.0,0.6343549508367996,0.69
