,AnnReturn,AnnVol,Sharpe,MaxDD,Calmar,Turnover,SharpeStab
HRP-Sample,0.09552761977991664,0.15930445659638118,0.5996544090536553,-0.42244466213146104,0.2261304931583898,0.31470518215962495,0.10990755013801783
HRP-LW,0.09242675215968355,0.1589767947123595,0.5813851784275401,-0.43948933264635726,0.21030488181167378,0.2829833963172047,0.11029763625049369
HRP-NLS,0.09275315772296167,0.15872531731475362,0.5843627172534258,-0.43172385696359294,0.21484371601633193,0.2749620084066002,0.11090774263295558
HRP-POET,0.09181120953142519,0.15724852296183842,0.5838605527233234,-0.420259416436896,0.21846318235967732,0.29879767858139433,0.10908216733464794
HMVA,0.12396955461241577,0.16640202175189875,0.7450002909054271,-0.3479804934867172,0.3562543215289388,0.9866498406875958,0.11181868883120744
EW,0.08956880041899495,0.18824188315688486,0.4758175965778369,-0.5522862375655275,0.16217822267998813,0.05687272727272727,0.11169393854892172
SPY-K,0.09499716611080045,0.18906392999452348,0.502460549262634,-0.5233471000857016,0.18151847233937862,0.06562876870731324,0.1122202299209192
