,AnnReturn,AnnVol,Sharpe,MaxDD,Calmar,Turnover,SharpeStab
HRP-Sample,0.09183210497799688,0.1576679240505187,0.5824399955223154,-0.45091601566355644,0.20365678261141182,0.2820174249104271,0.11203968299206209
HRP-LW,0.0923201018358839,0.15829988181932425,0.5831975411153721,-0.45400015340135547,0.20334817322026102,0.2717487306619835,0.1116511326741646
HRP-NLS,0.09105349652163053,0.15801747936024435,0.5762242056402445,-0.45134704686351823,0.20173721564010583,0.25419570184195056,0.11210569222938745
HRP-POET,0.08907922660187317,0.15575095156167204,0.5719337551950741,-0.4496207648727276,0.19812080215443004,0.2675210098462003,0.11143943046566154
EW,0.0902211530121475,0.18831527821366453,0.47909629992836594,-0.5538462008620718,0.16289929022121416,0.0576886939899927,0.11174621704699587
SPYK,0.09521544141562588,0.18921815618321572,0.5032045726279611,-0.5254127239036682,0.18122028090260553,0.06566483255436854,0.11225264598243304
