,AnnReturn,AnnVol,Sharpe,MaxDD,Calmar,Turnover,SharpeStab
HRP-Sample,0.08380990207829564,0.15739423024805493,0.5324839541208745,-0.4509160156635561,0.185865880046339,0.28313923929682916,0.11253295900778228
HRP-LW,0.0840588020717461,0.15802482853213065,0.5319341451122328,-0.454000153401355,0.1851514838529903,0.27261949997586615,0.11236410216566081
HRP-NLS,0.0834769183754458,0.15761031521568475,0.5296412120057641,-0.45134704686351823,0.18495062492496642,0.25553893314660475,0.11257686699010838
HRP-POET,0.08208303045791032,0.1553239680668675,0.5284633883585391,-0.4496207648727273,0.18256058632244287,0.26981544797422913,0.11168578114732886
EW,0.08047689412094572,0.1894343656554827,0.42482732128607587,-0.5538462008620721,0.14530549093896808,0.05758472156680221,0.11309308656802342
