,AnnReturn,AnnVol,Sharpe,MaxDD,Calmar,Turnover,SharpeStab
HRP-Sample,0.08997355224496317,0.15766700724266294,0.5706555468924848,-0.4523259719190267,0.19891308001449412,0.2820174249104271,0.11183116272580312
HRP-LW,0.09052538289056788,0.15829847114728945,0.5718651749096059,-0.45526241166659476,0.1988422074187467,0.2717487306619835,0.11145945558516063
HRP-NLS,0.08937429231977867,0.15801646533771588,0.5656011361143042,-0.452547232839547,0.1974916336555455,0.25419570184195056,0.11192304964273288
HRP-POET,0.08732057151026917,0.15575090526063046,0.5606424653786035,-0.45096364539022604,0.19363106627965385,0.2675210098462003,0.11124711611934873
EW,0.08957833964414785,0.18831601916684867,0.4756809327239502,-0.5543938365431619,0.1615788880386909,0.0576886939899927,0.11169869002738682
