,AnnReturn,AnnVol,Sharpe,MaxDD,Calmar,Turnover,SharpeStab
Bets HRP,0.09348075529936706,0.15872618125075147,0.5889435162034712,-0.4310660963048165,0.21685944707946764,0.2749620084066002,0.110984086968503
HMVA,0.09377299068548761,0.18373864955119482,0.5103607265784317,-0.529012626484527,0.17726040171978838,0.5067727923663629,0.11172807945130585
EW,0.08982595160272866,0.1882416298816008,0.47718430646412746,-0.5520665309811985,0.16270856239569398,0.05687272727272727,0.11171265852279055
SPY-K,0.09509053230523845,0.18906384755663003,0.5029546025543361,-0.5232526005031034,0.1817296888994142,0.06562876870731324,0.1122267263683873
