,AnnReturn,AnnVol,Sharpe,MaxDD,Calmar,Turnover,SharpeStab
Bets HRP,0.12579944092814688,0.1552916553381742,0.8100850020189239,-0.4274209888283178,0.294322095115167,0.309196829401759,0.11383129174827887
HMVA,0.12240333006977688,0.16247453004400358,0.7533693437157561,-0.4025321733355852,0.3040833458242132,1.0547030418237577,0.11826507036589315
HMVA-0.10,0.044678200500633425,0.0500166421808397,0.8932666918961762,-0.10043235893655378,0.44485861901200613,0.36415522643848125,0.11918337315022158
EW,0.12145882354269588,0.17906943203109826,0.6782778175205393,-0.5471281875261523,0.22199335788542285,0.05924603174603176,0.11449410944128131
SPY-K,0.12313004479472656,0.18102391626985834,0.680186614740853,-0.531222923783758,0.2317860154032969,0.0704196754230303,0.11268296144866813
