Strategy,DM_stat,DM_p,Sharpe_diff,LW_p,DM_p_holm,LW_p_holm,DM_p_bh,LW_p_bh
HRP-LW,0.475290546254227,0.6345798964459017,-0.004628335758793498,0.5915,1.0,1.0,0.8461065285945356,0.7886666666666667
HRP-NLS,1.1659589466140345,0.24363104423516413,-0.08771737094944387,0.0425,1.0,0.34,0.6496827846271044,0.11333333333333334
HRP-POET,-0.19163809058985953,0.8480257034910312,0.0028772538655108537,0.6915,1.0,1.0,0.9691722325611786,0.7902857142857143
HRP-PoetCV,-0.9538777102160384,0.3401455474753803,0.012416104837991396,0.2685,1.0,1.0,0.6802910949507606,0.42960000000000004
EW,1.1659589466140345,0.24363104423516413,-0.08771737094944383,0.0425,1.0,0.34,0.6496827846271044,0.11333333333333334
MinVar-LW,-0.024575589827004505,0.9803934899143205,0.0393018129418103,0.831,1.0,1.0,0.9803934899143205,0.831
MinVar-NLS,1.165958946614034,0.24363104423516413,-0.08771737094944382,0.0425,1.0,0.34,0.6496827846271044,0.11333333333333334
RP-Sample,0.7119403643189981,0.47650170556755866,-0.036929352566275206,0.174,1.0,0.8699999999999999,0.7624027289080939,0.348
