Strategy,DM_stat,DM_p,Sharpe_diff,LW_p,DM_p_holm,LW_p_holm,DM_p_bh,LW_p_bh
HRP-LW,-0.45319897065541437,0.6504054736021612,0.0009103110873533993,0.8975,1.0,1.0,0.6730042720792322,0.8975
HRP-NLS,0.49623721419588507,0.6197270579506087,-0.005563685274969643,0.5015,1.0,1.0,0.6730042720792322,0.626875
HRP-POET,1.580053275127107,0.11409466647341082,-0.01031088811811387,0.354,0.5704733323670541,1.0,0.5704733323670541,0.59
EW,-0.4220284219696352,0.6730042720792322,-0.08314194144814813,0.0645,1.0,0.3225,0.6730042720792322,0.3225
SPYK,-0.7685636229029605,0.4421524075768313,-0.060767069564461984,0.329,1.0,1.0,0.6730042720792322,0.59
