Strategy,DM_stat,DM_p,Sharpe_diff,LW_p,DM_p_holm,LW_p_holm,DM_p_bh,LW_p_bh
HRP-LW,-0.5024563363993747,0.6153465591094294,0.0013295602376135474,0.8535,1.0,1.0,0.7093279224508748,0.8535
HRP-NLS,0.3727588627525696,0.7093279224508748,-0.004504971528451862,0.5915,1.0,1.0,0.7093279224508748,0.7886666666666667
HRP-POET,1.531376748154278,0.12567630731358648,-0.009883979674231269,0.3735,0.5027052292543459,1.0,0.5027052292543459,0.747
EW,-0.5443449976683187,0.5862040875741461,-0.07547039955662949,0.091,1.0,0.364,0.7093279224508748,0.364
