Strategy,DM_stat,DM_p,Sharpe_diff,LW_p,DM_p_holm,LW_p_holm,DM_p_bh,LW_p_bh
HMVA,-1.4948596286955023,0.13495108036971049,0.2904337818397883,0.062,0.5398043214788419,0.186,0.5398043214788419,0.124
HRP,-0.09740773205510295,0.9224026046388412,0.10600031755882278,0.0345,1.0,0.138,0.9224026046388412,0.124
GMV,0.8589699732253339,0.3903570823057283,0.04476171585391864,0.7455,1.0,1.0,0.636716493563157,0.7455
SPY-K,-0.7102689508148723,0.47753737017236775,0.02387106854538401,0.5335,1.0,1.0,0.636716493563157,0.7113333333333333
