Strategy,DM_stat,DM_p,Sharpe_diff,LW_p,DM_p_holm,LW_p_holm,DM_p_bh,LW_p_bh
HRP-LW,-0.45319897065541437,0.6504054736021612,0.0009103110873533993,0.8975,1.0,1.0,0.6730042720792322,0.8975
HRP-NLS,0.49623721419588507,0.6197270579506087,-0.005563685274969643,0.5015,1.0,1.0,0.6730042720792322,0.6686666666666666
HRP-POET,1.580053275127107,0.11409466647341082,-0.01031088811811387,0.354,0.4563786658936433,1.0,0.4563786658936433,0.6686666666666666
EW,-0.4220284219696352,0.6730042720792322,-0.08314194144814813,0.0645,1.0,0.258,0.6730042720792322,0.258
