Strategy,DM_stat,DM_p,Sharpe_diff,LW_p,DM_p_holm,LW_p_holm,DM_p_bh,LW_p_bh
HRP-Sample,-0.04266593388815763,0.9659678356476025,0.10248402337186235,0.042,1.0,0.252,0.9659678356476024,0.118
HRP-LW,0.2706058615416133,0.7866941871277102,0.08566663005918906,0.059,1.0,0.27,0.9659678356476024,0.118
HRP-NLS,0.24191904410858006,0.80884289329834,0.08831609828788711,0.054,1.0,0.27,0.9659678356476024,0.118
HRP-POET,0.3146259698625948,0.7530456587418926,0.08733683864325081,0.1075,1.0,0.3225,0.9659678356476024,0.13740000000000002
HMVA,-1.08695926099569,0.27705481438374857,0.23569314224584836,0.1145,1.0,0.3225,0.9659678356476024,0.13740000000000002
SPY-K,-0.7317935812518427,0.46429456741420116,0.024674186582387292,0.519,1.0,0.519,0.9659678356476024,0.519
