Strategy,DM_stat,DM_p,Sharpe_diff,LW_p,DM_p_holm,LW_p_holm,DM_p_bh,LW_p_bh
Bets HRP,0.1950219160441812,0.8453757905057318,0.09125374298279554,0.047,1.0,0.14100000000000001,0.8453757905057318,0.14100000000000001
HMVA,-0.511677071827222,0.608877035382853,0.02859849709162432,0.3225,1.0,0.645,0.8453757905057318,0.48375
SPY-K,-0.7102689508148723,0.47753737017236775,0.02387106854538401,0.5335,1.0,0.645,0.8453757905057318,0.5335
