Strategy,DM_stat,DM_p,Sharpe_diff,LW_p,DM_p_holm,LW_p_holm,DM_p_bh,LW_p_bh
HRP-LW,-0.25029909053911825,0.80235605973372,-0.0002772086067253099,0.972,1.0,1.0,0.8403513134280574,0.972
HRP-NLS,0.20144412770294287,0.8403513134280574,-0.0025347115418811184,0.767,1.0,1.0,0.8403513134280574,0.972
HRP-POET,1.0447014612080006,0.2961609692907201,-0.004487322501408375,0.703,1.0,1.0,0.8403513134280574,0.972
EW,-0.25384502533001263,0.7996152872376228,-0.0866768288042058,0.0745,1.0,0.298,0.8403513134280574,0.298
