Strategy,DM_stat,DM_p,Sharpe_diff,LW_p,DM_p_holm,LW_p_holm,DM_p_bh,LW_p_bh
Bets HRP,0.1950219160441812,0.8453757905057318,0.09125374298279554,0.047,0.9550747403447355,0.14100000000000001,0.8453757905057318,0.10799999999999998
HMVA,-1.3815373929050576,0.16711378879234529,0.2744756008865449,0.072,0.5013413663770359,0.144,0.5013413663770359,0.10799999999999998
SPY-K,-0.7102689508148723,0.47753737017236775,0.02387106854538401,0.5335,0.9550747403447355,0.5335,0.7163060552585516,0.5335
