Strategy,DM_stat,DM_p,Sharpe_diff,LW_p,DM_p_holm,LW_p_holm,DM_p_bh,LW_p_bh
Bets HRP,0.01778907789265459,0.9858071179617893,0.1110048918869051,0.007,1.0,0.028,0.9858071179617893,0.028
HMVA,0.11501874328875156,0.9084302656432532,0.06208563114565879,0.573,1.0,1.0,0.9858071179617893,0.7639999999999999
HMVA-0.10,4.344956731461361,1.3930311837384579e-05,0.16864580757825798,0.1465,5.5721247349538316e-05,0.4395,5.5721247349538316e-05,0.293
SPY-K,-0.38895928914773703,0.6973062622099668,0.0022695450779686155,0.936,1.0,1.0,0.9858071179617893,0.936
