Strategy,DM_stat,DM_p,Sharpe_diff,LW_p,DM_p_holm,LW_p_holm,DM_p_bh,LW_p_bh
HRP,-2.9186254883454823,0.003515783345496404,0.26317302955507393,0.0225,0.014063133381985615,0.045,0.014063133381985615,0.03
MVO,-0.1627133774223256,0.8707441137043181,0.342753319020887,0.083,0.8707441137043181,0.083,0.8707441137043181,0.083
EW,-2.3172296647447017,0.020491224389026286,0.3580263996026063,0.008,0.06147367316707886,0.032,0.04098244877805257,0.028
SPY-K,-2.046095223605491,0.04074700284782251,0.3341553310572223,0.014,0.08149400569564502,0.042,0.05432933713043001,0.028
