sharpe,ci_lo,ci_hi,delta_sharpe,ew_sharpe,ann_ret,ann_vol,max_dd,n_days,ewma_halflife,weight_reg,turnover_penalty,lam_base,lam_scale,lam_corr
0.7370997858669387,0.383752927222646,1.166530946916002,0.18576991696957912,0.5513298688973596,0.11934517116792787,0.17339332681316616,-0.4064458004067434,5785,21,0.0,0.25,-0.05,0.4,0.2
