sharpe,ci_lo,ci_hi,delta_sharpe,ew_sharpe,ann_ret,ann_vol,max_dd,n_days,ewma_halflife,weight_reg,turnover_penalty,lam_scale,lam_corr
0.8390015133231851,0.4439874563032277,1.2403880366166171,0.2876716444258255,0.5513298688973596,0.13732657380202018,0.17081882733507278,-0.34794756678818306,5785,21,0.1,0.05,0.5,0.2
