Strategy,Sharpe_diff,LW_p,DM_stat,DM_p
MVO-EK,0.26359548546773925,0.153,-0.4240699395834541,0.6715148075787343
GMV-EK,0.133251589106124,0.366,-1.967828736400871,0.04908774658560988
HRP-E,0.18575787293774426,0.2155,-1.8849840372279312,0.05943199298845525
EW,0.2806112429852766,0.103,-1.498257647637763,0.13406632318324396
SPY-100,0.2567401744398926,0.14,-1.299763691345638,0.19368197337489956
