Strategy,Sharpe_diff,LW_p,DM_stat,DM_p
MVO-EK,0.16035582643174773,0.4045,0.6198529853748144,0.5353545810621172
GMV-EK,0.030011930070132475,0.743,-0.6031729298888656,0.5463936540020677
HRP-E,0.08251821390175273,0.442,-0.588742316033178,0.5560341467304377
EW,0.1773715839492851,0.1925,-0.28680333930723034,0.7742629059153752
SPY-100,0.15350051540390108,0.2815,-0.0669549342713389,0.9466175798895844
