Strategy,Sharpe_diff,CI_lo_95,CI_hi_95,LW_p,LW_p_adj,LW_reject
HMVA-mv,0.04131140896412701,-0.13328528991468047,0.21157701320629102,0.6475,0.6475,False
MVO,0.3685079681528813,-0.005075226075556383,0.7655027585590635,0.059,0.308,False
GMV,0.0898079848879903,-0.17264952338827338,0.3566483299559501,0.5205,0.6245999999999999,False
HRP,0.11430503335873832,-0.17975508911574867,0.4041484699822027,0.447,0.6245999999999999,False
EW,0.2429034034668264,-0.08692633664736218,0.5750644901968918,0.154,0.308,False
SPY-100,0.25868343351245343,-0.07233754145235338,0.5855928522203656,0.133,0.308,False
