Strategy,Sharpe_diff,CI_lo_95,CI_hi_95,LW_p,LW_p_adj,LW_reject
HMVA,-0.04131140896412701,-0.21157701320629102,0.1332852899146808,0.6475,0.6475,False
MVO,0.32719655918875423,-0.07518174804138578,0.7716793336593717,0.127,0.376,False
GMV,0.0484965759238633,-0.13711962678997225,0.23075505862235016,0.603,0.6475,False
HRP,0.07299362439461131,-0.15667086287508503,0.30957030178326234,0.541,0.6475,False
EW,0.20159199450269938,-0.08982594524266807,0.5074326059879275,0.188,0.376,False
SPY-100,0.2173720245483264,-0.08918569519560007,0.5287285296907147,0.1725,0.376,False
