Strategy,Sharpe_diff,CI_lo_95,CI_hi_95,LW_p,LW_p_adj,LW_reject
MVO-EK,0.3766505374579645,0.06354306413279337,0.6728769909923484,0.0155,0.093,False
MHRP-EK,0.18468149205987705,-0.08034770462208995,0.43853138280700704,0.157,0.1865,False
GMV-EK,0.17855729615347163,-0.07535270352185017,0.4120483979411225,0.1585,0.1865,False
HRP-E,0.18087954295607375,-0.09439504626557141,0.4465159725275165,0.1865,0.1865,False
EW,0.31656788713870865,0.008507653600521359,0.6011023123151258,0.0365,0.1,False
SPY-100,0.31077660401413076,-0.009984257131705976,0.6023866417570305,0.05,0.1,False
