Strategy,DM_stat,DM_p,Sharpe_diff,LW_p,DM_p_holm,LW_p_holm,DM_p_bh,LW_p_bh
HRP-LW,-1.4206482534869052,0.15541904299244713,0.006699556093624798,0.1685,1.0,1.0,0.812667582680282,0.587
HRP-NLS,-1.2725806299763651,0.2031668956700705,0.013992373992358226,0.2935,1.0,1.0,0.812667582680282,0.587
HRP-POET,0.09666923659551645,0.9229890710197644,0.0006296665414576019,0.8975,1.0,1.0,0.9229890710197644,0.9515
HRP-PoetCV,0.1838306418383785,0.8541463170549524,0.00032896970315718366,0.9515,1.0,1.0,0.9229890710197644,0.9515
EW,0.35271903644204505,0.7242990864718983,-0.05217830812022681,0.1505,1.0,1.0,0.9229890710197644,0.587
MinVar-LW,0.8266490189712025,0.4084360249896566,-0.1354128904534808,0.505,1.0,1.0,0.9229890710197644,0.808
MinVar-NLS,0.20250152306884955,0.8395246678391903,0.018503054999778168,0.9275,1.0,1.0,0.9229890710197644,0.9515
RP-Sample,0.17521235075610378,0.8609127799520533,-0.025927895027673203,0.242,1.0,1.0,0.9229890710197644,0.587
