,AnnReturn,AnnVol,Sharpe,MaxDD,Calmar,Turnover,SharpeStab
HRP-Sample,0.08685554093292147,0.15503896942601206,0.5602174811563799,-0.4350235721297191,0.19965709101166162,0.4156926082920328,0.1134097370249986
HRP-LW,0.08988771167094445,0.15605168998884084,0.5760124204830609,-0.4342090070997251,0.20701484815191748,0.35545652584530607,0.11323653480485929
HRP-NLS,0.09023041074259197,0.15515657973415273,0.581544210997651,-0.4330728895778969,0.20834924769947347,0.3363344293153771,0.11281469786354008
HRP-POET,0.08551366481970502,0.15200669900227518,0.5625651065445811,-0.4330518134788165,0.19746751348932537,0.42043287343353547,0.11268819575689958
EW,0.08887088463743287,0.18822101972529667,0.4721623799888952,-0.5534653161819603,0.16057173239057168,0.05763826015254587,0.1117466542833854
