,AnnReturn,AnnVol,Sharpe,MaxDD,Calmar,Turnover,SharpeStab
HRP-Sample,0.07853296671652488,0.1546699534236492,0.5077454604348326,-0.4331171887652532,0.1813203649118836,0.4177394314975655,0.11373861208582833
HRP-LW,0.08167428415997602,0.1556438257597754,0.5247511988431469,-0.4326843940420185,0.18876179794005818,0.35805359758145155,0.11350571419855163
HRP-NLS,0.08225416801495644,0.15457156826605398,0.5321429350666721,-0.4314705478651133,0.19063680805548472,0.33861825622880043,0.11286680413830599
HRP-POET,0.08022266104541709,0.15153346084885075,0.5294055886800892,-0.43118597475165554,0.186051183811398,0.4247361392939788,0.11238678209727106
EW,0.07232033440599128,0.190087461533587,0.3804582049890378,-0.5529168222914483,0.13079785510282496,0.058484221698507415,0.11337801875104188
