,AnnReturn,AnnVol,Sharpe,MaxDD,Calmar,Turnover,SharpeStab
HRP-Sample,0.08956216903087988,0.15503920094194706,0.5776743461443379,-0.43311718876525396,0.2067850719252379,0.4156926082920328,0.11371001009087404
HRP-LW,0.09220610592473344,0.15605307534692947,0.590863754012828,-0.43268439404201864,0.2131024534149923,0.35545652584530607,0.11348963485722896
HRP-NLS,0.0924344576626357,0.15515804497970992,0.5957438924596103,-0.4314705478651143,0.21423121026451247,0.3363344293153771,0.11306002165218701
HRP-POET,0.08824892624416592,0.1520099030956131,0.5805472172997702,-0.4311859747516549,0.20466557683142086,0.42043287343353547,0.11299506086006482
EW,0.08951429308500769,0.18822029916140928,0.475582567256703,-0.5529168222914496,0.1618946819415517,0.05763826015254587,0.11179373361256137
