Strategy,DM_stat,DM_p,Sharpe_diff,LW_p,DM_p_holm,LW_p_holm,DM_p_bh,LW_p_bh
HRP-LW,-1.2182172598886936,0.22314142237839896,0.012428952836157192,0.363,1.0,1.0,0.5712652707736501,0.47
HRP-NLS,-1.108086165886982,0.2678246049423674,0.016584342233346483,0.2705,1.0,1.0,0.5712652707736501,0.47
HRP-POET,0.6504715730436038,0.5153876581858743,0.001552866052619395,0.92,1.0,1.0,0.5712652707736501,0.9200000000000002
EW,-0.5661890530350439,0.5712652707736501,-0.0811259655190737,0.1015,1.0,0.5075000000000001,0.5712652707736501,0.47
SPYK,-0.9025702861591552,0.36675400257990054,-0.057023217095946044,0.376,1.0,1.0,0.5712652707736501,0.47
