Strategy,DM_stat,DM_p,Sharpe_diff,LW_p,DM_p_holm,LW_p_holm,DM_p_bh,LW_p_bh
HRP-LW,-1.444814352690148,0.14851003849442157,0.016100955128311445,0.233,0.5940401539776863,0.466,0.33684561447754824,0.3106666666666667
HRP-NLS,-1.3772893479102022,0.16842280723877412,0.02252556812428763,0.146,0.5940401539776863,0.43799999999999994,0.33684561447754824,0.292
HRP-POET,-0.3343528357367152,0.7381133250155654,0.018859622885812555,0.381,1.0,0.466,0.9751720026229527,0.381
EW,-0.031122303549688913,0.9751720026229527,-0.1037297364534232,0.0625,1.0,0.25,0.9751720026229527,0.25
