Strategy,DM_stat,DM_p,Sharpe_diff,LW_p,DM_p_holm,LW_p_holm,DM_p_bh,LW_p_bh
HRP-Sample,0.4860563345001425,0.6269272249126314,0.08498336615416524,0.0995,1.0,0.398,0.7667853208093917,0.19899999999999998
HRP-LW,0.2965824374157474,0.7667853208093918,0.09476940857219707,0.0445,1.0,0.267,0.7667853208093917,0.14100000000000001
HRP-NLS,0.3117481500928557,0.7552319317076299,0.09675120953487792,0.047,1.0,0.267,0.7667853208093917,0.14100000000000001
HRP-POET,0.5316362326306477,0.5949779649810734,0.08944286461046302,0.135,1.0,0.405,0.7667853208093917,0.2025
HMVA,-0.3934350014943746,0.6939982222402474,0.13610172561169176,0.349,1.0,0.698,0.7667853208093917,0.41879999999999995
SPY-K,-0.7317935812518436,0.4642945674142007,0.024674186582387292,0.519,1.0,0.698,0.7667853208093917,0.519
