Strategy,DM_stat,DM_p,Sharpe_diff,LW_p,DM_p_holm,LW_p_holm,DM_p_bh,LW_p_bh
HRP-LW,-1.377159098336515,0.16846306439470649,0.01485903187950055,0.276,0.6738522575788259,0.672,0.3921050972508633,0.36800000000000005
HRP-NLS,-1.2928800494823032,0.19605254862543164,0.019615259073562652,0.1925,0.6738522575788259,0.672,0.3921050972508633,0.36800000000000005
HRP-POET,0.6618481675992625,0.5080685328995451,0.0010489498249395268,0.9435,0.9001165004520546,0.9435,0.5080685328995451,0.9435
EW,-0.7553179178926054,0.4500582502260273,-0.06822038319833412,0.168,0.9001165004520546,0.672,0.5080685328995451,0.36800000000000005
