Strategy,Sharpe_diff,CI_lo_95,CI_hi_95,LW_p,LW_p_adj,LW_reject
GMV-EK,0.08734725863313113,-0.06910772350831447,0.24804587107384551,0.273,0.379,False
HRP-E,0.08966950543573325,-0.1062385559393748,0.2924019600285464,0.379,0.379,False
