Strategy,Sharpe_diff,CI_lo_95,CI_hi_95,LW_p,LW_p_adj,LW_reject
MVO-EK,0.3766505374579645,0.06354306413279337,0.6728769909923484,0.0155,0.031,True
MHRP-EK,0.18468149205987705,-0.08034770462208995,0.43853138280700704,0.157,0.157,False
