Strategy,Sharpe_diff,CI_lo_95,CI_hi_95,LW_p,LW_p_adj,LW_reject
EW,0.31656788713870865,0.008507653600521359,0.6011023123151258,0.0365,0.05,True
SPY-100,0.31077660401413076,-0.009984257131705976,0.6023866417570305,0.05,0.05,True
