,AnnReturn,AnnVol,Sharpe,MaxDD,Calmar,Turnover,SharpeStab
Bets HRP,0.09184608537690919,0.16270922487666484,0.5644798901016793,-0.424488852269303,0.2163686628892682,0.2907690932107376,0.10895840740913386
HMVA,0.0941689382462998,0.18004705654004147,0.5230240363599454,-0.5201735328482687,0.1810336979866453,0.5315738498047422,0.11119805428874723
EW,0.08982595160272866,0.1882416298816008,0.47718430646412746,-0.5520665309811985,0.16270856239569398,0.05687272727272727,0.1117126585227906
SPY-K,0.09509053230523845,0.18906384755663003,0.5029546025543361,-0.5232526005031034,0.1817296888994142,0.06562876870731324,0.11222672636838746
