,AnnReturn,AnnVol,Sharpe,MaxDD,Calmar,Turnover,SharpeStab
HRP-Sample,0.08970241441196602,0.16000254866815644,0.5606311596823864,-0.4515592464849827,0.19865037668971577,0.2727146097605803,0.11162379311984919
HRP-LW,0.08751636895241788,0.16059953857144837,0.5449353698702137,-0.46276845104593034,0.18911481272030745,0.2649367013914361,0.11141905806195425
HRP-NLS,0.08667157435365458,0.16078648487863653,0.5390476346259778,-0.4625821288878097,0.18736472712865024,0.25412570383037103,0.11187072100383433
HRP-POET,0.08730667418190396,0.15872647949483934,0.550044796934733,-0.45409116119877135,0.19226684340523162,0.25877018151837883,0.11106655339920798
EW,0.08952549040530933,0.18842657675538405,0.4751213546777512,-0.5541909071342878,0.16154269089011977,0.058046258348842354,0.11177058124946514
