,AnnReturn,AnnVol,Sharpe,MaxDD,Calmar,Turnover,SharpeStab
HRP-Sample,0.09296112843104432,0.1633015106949381,0.5692606763736807,-0.4184980899974886,0.22213035292849764,0.31725416274160023,0.10787021050880374
HRP-LW,0.09181455996399546,0.1621334677890985,0.5662899906848773,-0.4339698940494281,0.21156896186337296,0.28266551831308084,0.10957641999813826
HRP-NLS,0.09107550510851148,0.16270944443835192,0.5597432000514179,-0.42524113729163093,0.21417378781501042,0.2907690932107376,0.10888806256900116
HRP-POET,0.09200330345703445,0.16114173400632423,0.570946465385706,-0.40873504762518786,0.22509276851003476,0.2997097203105215,0.10784872787294707
HMVA,0.1220433763473241,0.16758650002962155,0.728241095349282,-0.3547575463772312,0.34401911275355745,0.9903396521566276,0.11089935101782984
EW,0.08956880041899495,0.18824188315688486,0.4758175965778369,-0.5522862375655275,0.16217822267998813,0.05687272727272727,0.111693938548921
SPY-K,0.09499716611080045,0.18906392999452348,0.502460549262634,-0.5233471000857016,0.18151847233937862,0.06562876870731324,0.11222022992091986
