,AnnReturn,AnnVol,Sharpe,MaxDD,Calmar,Turnover,SharpeStab
HRP-Sample,0.005498227402907618,0.17036396020763167,0.03227341860453722,-0.6330992440975286,0.008684621651610469,0.17952873012887927,0.11196078352259076
HRP-LW,0.007770625364922568,0.17033241636473845,0.045620355366080584,-0.631042325294167,0.012313952730983945,0.1622667474595419,0.1112600615812985
HRP-NLS,-0.0029209232123815765,0.20528492019582326,-0.014228630186743769,-0.7116791149864687,-0.004104269959414381,0.28647253114042626,0.11349185507897241
HRP-POET,0.006289301032536887,0.1691535070560258,0.037181026524349806,-0.6275292673800167,0.010022323036493908,0.16922832061314078,0.11141043218657161
HRP-PoetCV,0.00719432363998096,0.16873194351977622,0.042637591258099565,-0.6286912403733411,0.011443333671562996,0.17122061492765947,0.11152919145304571
EW,-0.0076333762726849,0.20856165833245752,-0.03660009387016344,-0.7405764571936152,-0.010307343959611238,0.008593512197519042,0.1146938728396962
MinVar-LW,0.0041006807517514066,0.12683314456428157,0.03233130240394773,-0.5308717183923015,0.007724428726717556,1.6787319933541769,0.12267964629048785
MinVar-NLS,-0.024477788049637295,0.23296620144035599,-0.10507012561607182,-0.825550887538487,-0.0296502473913168,0.06587114183793098,0.11674954324419769
RP-Sample,0.0006942573763206727,0.1912897635302656,0.003629349336358128,-0.6951856232892746,0.0009986647494748095,0.024289464393353683,0.11272482585374329
