,AnnReturn,AnnVol,Sharpe,MaxDD,Calmar,Turnover,SharpeStab
HRP-Sample,0.09151038351752572,0.1600032061604432,0.5719284363949788,-0.4503108707663275,0.20321602132721267,0.2727146097605803,0.11182261017638429
HRP-LW,0.08926611925246286,0.160599658997109,0.5558300671987714,-0.4615516929203579,0.19340438053136116,0.2649367013914361,0.11160932239208415
HRP-NLS,0.08835415148157044,0.16078562269292143,0.5495152489493094,-0.46131018679634006,0.19152872407861474,0.25412570383037103,0.11205457053686901
HRP-POET,0.08901542203674162,0.1587263609852669,0.56081057666914,-0.4527769955768567,0.1965988177542728,0.25877018151837883,0.11125372568009348
EW,0.09016585183432735,0.18842584537391627,0.4785216786763,-0.5536440835976277,0.16285887360779103,0.058046258348842354,0.11181746327119693
SPYK,0.09501906306248054,0.18925037526502284,0.5020812398887852,-0.5252156040571798,0.18091439463808445,0.06554767221524034,0.11236583634691388
