,AnnReturn,AnnVol,Sharpe,MaxDD,Calmar,Turnover,SharpeStab
Bets HRP,0.1272592729412947,0.15907994364813133,0.7999705684003715,-0.4325191226898887,0.29422808441359516,0.3008936498334381,0.1131526715537311
HMVA,0.12326185240084797,0.16238705506527104,0.7590620591727782,-0.4085906069272871,0.3016756878671557,1.050187915639222,0.11908644921532094
HMVA-0.10,0.04535705394803036,0.05047488611585143,0.8986063652313256,-0.09817010652137725,0.4620251067788495,0.3665637172652353,0.12015557345867782
EW,0.12145882354269588,0.17906943203109826,0.6782778175205393,-0.5471281875261521,0.22199335788542293,0.05924603174603176,0.11449410944128133
SPY-K,0.12313004479472633,0.18102391626985834,0.6801866147408517,-0.5312229237837589,0.2317860154032961,0.0704196754230303,0.11268296144866766
