Strategy,DM_stat,DM_p,Sharpe_diff,LW_p,DM_p_holm,LW_p_holm,DM_p_bh,LW_p_bh
Bets HRP,0.28830068660669844,0.7731165816216421,0.0702652688298453,0.143,1.0,0.42899999999999994,0.773116581621642,0.29325
HMVA,-0.43204964046104855,0.6657053348452839,0.0387964165982847,0.1955,1.0,0.42899999999999994,0.773116581621642,0.29325
SPY-K,-0.7102689508148702,0.4775373701723691,0.02387106854538401,0.5335,1.0,0.5335,0.773116581621642,0.5335
