Strategy,DM_stat,DM_p,Sharpe_diff,LW_p,DM_p_holm,LW_p_holm,DM_p_bh,LW_p_bh
HRP-LW,1.5755046735143918,0.11514000055880969,-0.014544530110685572,0.0635,0.23028000111761937,0.1905,0.15352000074507957,0.10066666666666667
HRP-NLS,2.163994271090428,0.030464789083801458,-0.02027899795861421,0.0105,0.12185915633520583,0.042,0.12185915633520583,0.042
HRP-POET,1.8001982391141957,0.07182934179125411,-0.010650253199592563,0.247,0.21548802537376233,0.247,0.14365868358250822,0.247
EW,-0.43113519882825785,0.6663700683744127,-0.07481914016253821,0.0755,0.6663700683744127,0.1905,0.6663700683744127,0.10066666666666667
