Strategy,DM_stat,DM_p,Sharpe_diff,LW_p,DM_p_holm,LW_p_holm,DM_p_bh,LW_p_bh
HRP-LW,-2.446916899990127,0.014408405518112621,0.01322613541072229,0.015,0.11526724414490097,0.12,0.11526724414490097,0.12
HRP-NLS,0.16748494057911326,0.8669884958424796,-0.028822095721947688,0.508,1.0,1.0,0.8672306612070912,0.5805714285714286
HRP-POET,-0.5937358329832898,0.5526888124896656,0.004294054545830747,0.449,1.0,1.0,0.8672306612070912,0.5805714285714286
HRP-PoetCV,-1.1669764076826026,0.24321989720147164,0.009459993020546453,0.1455,1.0,0.873,0.8648860127668586,0.38799999999999996
EW,0.5448624097438007,0.5858481513209655,-0.04963269838015051,0.1945,1.0,0.9725,0.8672306612070912,0.389
MinVar-LW,0.2859529108965371,0.7749141878576584,-0.02157694130223234,0.9225,1.0,1.0,0.8672306612070912,0.9225
MinVar-NLS,0.9855942622034477,0.324332254787572,-0.10693944455200527,0.0855,1.0,0.5985,0.8648860127668586,0.342
RP-Sample,0.16717715233922822,0.8672306612070912,-0.017996873877092145,0.4245,1.0,1.0,0.8672306612070912,0.5805714285714286
