Strategy,DM_stat,DM_p,Sharpe_diff,LW_p,DM_p_holm,LW_p_holm,DM_p_bh,LW_p_bh
HMVA,-1.5206955012921766,0.12833626818073518,0.2876716444258255,0.06,0.5133450727229407,0.24,0.45417716415671183,0.24
HRP,0.07801052902185196,0.9378196775702548,0.07955069001983728,0.1215,0.9550747403447382,0.3645,0.9378196775702548,0.243
GMV,1.2078925851307698,0.22708858207835592,-0.02925828821818932,0.818,0.6812657462350677,1.0,0.45417716415671183,0.818
SPY-K,-0.7102689508148702,0.4775373701723691,0.02387106854538401,0.5335,0.9550747403447382,1.0,0.6367164935631587,0.7113333333333333
