Strategy,DM_stat,DM_p,Sharpe_diff,LW_p,DM_p_holm,LW_p_holm,DM_p_bh,LW_p_bh
Bets HRP,0.28830068660669844,0.7731165816216421,0.0702652688298453,0.143,0.9550747403447382,0.286,0.773116581621642,0.21449999999999997
HMVA,-1.393033669645757,0.16360960933295265,0.2692470314193902,0.078,0.49082882799885796,0.23399999999999999,0.49082882799885796,0.21449999999999997
SPY-K,-0.7102689508148702,0.4775373701723691,0.02387106854538401,0.5335,0.9550747403447382,0.5335,0.7163060552585536,0.5335
