Strategy,DM_stat,DM_p,Sharpe_diff,LW_p,DM_p_holm,LW_p_holm,DM_p_bh,LW_p_bh
HRP-Sample,0.13272935627706126,0.8944074253158079,0.07609780819907197,0.138,1.0,0.684,0.894407425315808,0.2028
HRP-LW,0.2855086686941017,0.7752544640139654,0.07298455314329022,0.114,1.0,0.684,0.894407425315808,0.2028
HRP-NLS,0.3396608480814,0.7341119492510118,0.06717878484034379,0.162,1.0,0.684,0.894407425315808,0.2028
HRP-POET,0.2384671742585291,0.8115187721910786,0.0768814525635203,0.169,1.0,0.684,0.894407425315808,0.2028
HMVA,-1.0384274473255448,0.29907109666889964,0.2210846680776778,0.129,1.0,0.684,0.894407425315808,0.2028
SPY-K,-0.7317935812518407,0.4642945674142023,0.02467418658238718,0.519,1.0,0.684,0.894407425315808,0.519
