Strategy,DM_stat,DM_p,Sharpe_diff,LW_p,DM_p_holm,LW_p_holm,DM_p_bh,LW_p_bh
HRP-LW,1.5755046735143918,0.11514000055880969,-0.014544530110685572,0.0635,0.34542000167642906,0.254,0.19190000093134948,0.12583333333333332
HRP-NLS,2.163994271090428,0.030464789083801458,-0.02027899795861421,0.0105,0.1523239454190073,0.052500000000000005,0.1523239454190073,0.052500000000000005
HRP-POET,1.8001982391141957,0.07182934179125411,-0.010650253199592563,0.247,0.28731736716501644,0.494,0.17957335447813527,0.30874999999999997
EW,-0.43113519882825785,0.6663700683744127,-0.07481914016253821,0.0755,0.8808192996039597,0.254,0.6663700683744127,0.12583333333333332
SPYK,-0.7715016415160053,0.44040964980197983,-0.05297512014386441,0.3765,0.8808192996039597,0.494,0.5505120622524748,0.3765
