Strategy,DM_stat,DM_p,Sharpe_diff,LW_p,DM_p_holm,LW_p_holm,DM_p_bh,LW_p_bh
HRP-LW,1.5369897836888975,0.12429581118994171,-0.01419537058406084,0.069,0.24859162237988341,0.20700000000000002,0.16572774825325562,0.138
HRP-NLS,2.0776761684618235,0.03773919546916371,-0.0195447226090244,0.0165,0.15095678187665484,0.066,0.15095678187665484,0.066
HRP-POET,1.738101905058191,0.08219285929536446,-0.010184579420665751,0.269,0.2465785778860934,0.269,0.16438571859072892,0.269
EW,-0.5545990772422725,0.579168920335565,-0.06757788667495357,0.117,0.579168920335565,0.234,0.579168920335565,0.156
