Strategy,DM_stat,DM_p,Sharpe_diff,LW_p,DM_p_holm,LW_p_holm,DM_p_bh,LW_p_bh
Bets HRP,-0.23940164360125815,0.8107941556490033,0.10286993459547766,0.0155,1.0,0.062,0.9408143692676765,0.062
HMVA,0.07424634543003286,0.9408143692676765,0.06714378687680755,0.537,1.0,1.0,0.9408143692676765,0.7160000000000001
HMVA-0.10,4.334128310427768,1.4633880822012557e-05,0.17381135023250482,0.134,5.853552328805023e-05,0.402,5.853552328805023e-05,0.268
SPY-K,-0.38895928914773653,0.697306262209967,0.0022695450779686155,0.936,1.0,1.0,0.9408143692676765,0.936
