Strategy,DM_stat,DM_p,Sharpe_diff,LW_p,DM_p_holm,LW_p_holm,DM_p_bh,LW_p_bh
HRP-LW,-0.1366233230108549,0.8913285402717426,-0.011002719165574826,0.6925,1.0,1.0,0.9932470718421067,0.947
HRP-NLS,-0.0929203137154391,0.9259668675542709,-0.0036513028624149957,0.889,1.0,1.0,0.9932470718421067,0.947
HRP-POET,0.4077905146964338,0.6834274779635254,-0.0014552880760047016,0.947,1.0,1.0,0.9932470718421067,0.947
EW,-0.008463641373799556,0.9932470718421067,-0.11165839011956552,0.0685,1.0,0.274,0.9932470718421067,0.274
