regime,challenger,baseline,mean_rel_improvement,wilcoxon_stat,p_X_better
factor_sparse,LW,Sample,0.06595714493912178,890.0,0.993156532737614
factor_sparse,NLS,Sample,-0.00867939608596429,326.0,0.0010990616225425853
factor_sparse,POET,Sample,0.002353833951267244,762.0,0.8851259955726274
dispersed_eigs,LW,Sample,-0.029840298456047777,245.0,4.1187796402830656e-05
dispersed_eigs,NLS,Sample,-0.02578778456622383,215.0,9.379536337839056e-06
dispersed_eigs,POET,Sample,-0.002606233132809782,583.0,0.3025702700470614
