regime,estimator,mean_rel_improvement,wilcoxon_stat,p_X_better
factor_sparse,LW,-0.994765022304815,0.0,3.041779924845719e-51
factor_sparse,NLS,-0.9624264822717631,0.0,3.041779924845719e-51
factor_sparse,POET,-0.9960342659366601,0.0,3.041779924845719e-51
toeplitz,LW,-0.9961020154982422,0.0,3.041779924845719e-51
toeplitz,NLS,-0.9964876713754772,0.0,3.041779924845719e-51
toeplitz,POET,-0.9960115431231519,0.0,3.041779924845719e-51
identity_like,LW,-0.9967792403879595,0.0,3.041779924845719e-51
identity_like,NLS,-0.9971192174994993,0.0,3.041779924845719e-51
identity_like,POET,-0.9962451229525056,0.0,3.041779924845719e-51
