regime,challenger,baseline,mean_rel_improvement,wilcoxon_stat,p_X_better
factor_sparse,NLS,LW,-0.05848418246310878,238.0,2.9583496568008627e-05
factor_sparse,POET,LW,-0.04720630023201437,383.0,0.006652400758367705
dispersed_eigs,NLS,LW,0.005256761193177783,778.0,0.912506192319956
dispersed_eigs,POET,LW,0.031176488517984643,992.0,0.9997923381873344
