regime,estimator,mean_rel_improvement,wilcoxon_stat,p_X_better
factor_sparse,LW,-0.9949220359241978,0.0,3.041779924845719e-51
factor_sparse,NLS,-0.9598591467172546,0.0,3.041779924845719e-51
factor_sparse,POET,-0.9961685402506468,0.0,3.041779924845719e-51
toeplitz,LW,-0.9959222879730726,0.0,3.041779924845719e-51
toeplitz,NLS,-0.9963402284721545,0.0,3.041779924845719e-51
toeplitz,POET,-0.9958200718587076,0.0,3.041779924845719e-51
identity_like,LW,-0.9959354425423017,0.0,3.041779924845719e-51
identity_like,NLS,-0.9963704536871015,0.0,3.041779924845719e-51
identity_like,POET,-0.9952550343485456,0.0,3.041779924845719e-51
