Strategy,DM_stat,DM_p,Sharpe_diff,LW_p,DM_p_holm,LW_p_holm,DM_p_bh,LW_p_bh
HRP-LW,-1.6605030328578836,0.09681329828048946,0.3974476234599339,0.0335,0.7745063862439157,0.236,0.35338857909440835,0.134
HRP-NLS,-1.6503650198160111,0.09886830109898748,0.03140666375733536,0.0295,0.7745063862439157,0.236,0.35338857909440835,0.134
HRP-POET,-1.2242236709380045,0.2208678619340052,0.02699312943789564,0.177,1.0,0.708,0.35338857909440835,0.2832
HRP-PoetCV,-0.43779840430315015,0.6615324278007426,0.008610882465283298,0.608,1.0,1.0,0.7560370603437059,0.6948571428571428
EW,-1.3344990458635577,0.18204035934733342,0.654358231168197,0.12,1.0,0.612,0.35338857909440835,0.24
MinVar-Sample,-0.586837720104896,0.5573127008823908,0.1849480749595471,0.477,1.0,1.0,0.7430836011765211,0.636
MinVar-NLS,-0.05741439159102841,0.9542150990813141,0.08566137092819373,0.762,1.0,1.0,0.9542150990813141,0.762
RP-Sample,-1.2917173095713503,0.19645506075731456,0.5854361271059997,0.102,1.0,0.612,0.35338857909440835,0.24
