strategy,mean_dSharpe,median_dSharpe,pct_positive,mean_dSortino,mean_sharpe,mean_sortino,mean_calmar,mean_max_dd,mean_var95,mean_hit_rate,mean_turnover,n_cells
EW,0.0,0.0,0.0,0.0,0.47213009853550547,0.5897508518784286,0.1607525440878112,-0.5528783051467006,-0.017785480431202438,0.5449956784788246,0.056872727272727276,20
HMVA,0.237518316282303,0.2635410995502213,1.0,0.35810697661207586,0.7096484148178085,0.9478578284905044,0.3436559844164522,-0.383874775119712,-0.016649329458469076,0.5345894554883319,1.1401411365506944,20
HMVA-mv,0.1491498256445689,0.16291453461576916,1.0,0.20038756859205123,0.6212799241800744,0.7901384204704798,0.25409462203803446,-0.3699428449725819,-0.01333181664750609,0.5386257562662057,0.9490398153358932,20
