strategy,mean_dSharpe,median_dSharpe,pct_positive,mean_dSortino,mean_sharpe,mean_sortino,mean_calmar,mean_max_dd,mean_var95,mean_hit_rate,mean_turnover,n_cells
EW,0.0,0.0,0.0,0.0,0.4721300985355055,0.5897508518784285,0.16075254408781123,-0.5528783051467006,-0.017785480431202438,0.5449956784788246,0.05687272727272727,15
HMVA,0.29629381324978965,0.30431820188068065,1.0,0.4226203108571934,0.7684239117852951,1.012371162735622,0.346046715631746,-0.37725883740242394,-0.015186042958491257,0.5368481705560357,0.9840132682126586,15
SPY-K,0.02899683786936603,0.027951562467951108,1.0,0.04310539229204916,0.5011269364048715,0.6328562441704777,0.1809492784441076,-0.5236020499414197,-0.01794992211127825,0.5434745030250648,0.06562876870731324,15
