strategy,mean_dSharpe,median_dSharpe,pct_positive,mean_dSortino,mean_sharpe,mean_sortino,mean_calmar,mean_max_dd,mean_var95,mean_hit_rate,mean_turnover,n_cells
EW,0.0,0.0,0.0,0.0,0.47213009853550547,0.5897508518784286,0.1607525440878112,-0.5528783051467006,-0.017785480431202438,0.5449956784788246,0.056872727272727276,20
HMVA,0.30075776132440296,0.3265846976011093,1.0,0.43333354620577536,0.7728878598599085,1.023084398084204,0.3403265875019254,-0.3923568987866255,-0.015339928617300191,0.5380639585133967,0.9736029571041369,20
