strategy,mean_dSharpe_EW,median_dSharpe_EW,pct_pos_EW,mean_dSortino_EW,mean_dSharpe_SPYK,mean_dSortino_SPYK,mean_sharpe,mean_sortino,mean_calmar,mean_max_dd,mean_var95,mean_hit_rate,mean_turnover,n_cells
HMVA,0.21498442433887294,0.24336923241567396,1.0,0.3093548318773055,0.1843472390348194,0.2642114003380038,0.6845441634118046,0.895882900071345,0.3020454432219728,-0.4003862170228584,-0.015529739464359312,0.537750888312686,1.084937623885527,18
HMVA-mv,0.13647278860350476,0.1630971581537627,0.8888888888888888,0.18639337551598908,0.10583560329945119,0.14124994397668733,0.6060325276764363,0.7729214437100285,0.2488639808265769,-0.3713261487220979,-0.013386510070275776,0.537750888312686,0.9513621649017548,18
