strategy,mean_dSharpe_EW,median_dSharpe_EW,pct_pos_EW,mean_dSortino_EW,mean_dSharpe_SPYK,mean_dSortino_SPYK,mean_sharpe,mean_sortino,mean_calmar,mean_max_dd,mean_var95,mean_hit_rate,mean_turnover,n_cells
HMVA,0.25281327304825835,0.2710366475075854,1.0,0.3644248666597906,0.2238164351788923,0.32131947436774144,0.7249433715837639,0.9541757185382191,0.3264732596919026,-0.3946530776540362,-0.01579808921178923,0.5377816191299337,1.083033144457888,15
HMVA-mv,0.16875935125319516,0.18817583919833558,1.0,0.22640375037167318,0.1397625133838291,0.183298358079624,0.6408894497887007,0.8161546022501017,0.2637639573492279,-0.36880516572287697,-0.013261344349976983,0.538876404494382,0.9323659686370718,15
