strategy,mean_dSharpe_EW,median_dSharpe_EW,pct_pos_EW,mean_dSortino_EW,mean_dSharpe_SPYK,mean_dSortino_SPYK,mean_sharpe,mean_sortino,mean_calmar,mean_max_dd,mean_var95,mean_hit_rate,mean_turnover,n_cells
HMVA,0.24367208841028326,0.26068265969040144,1.0,0.3469777463344921,0.21467525054091724,0.3038723540424429,0.7158021869457888,0.9367285982129208,0.31727763188578373,-0.3978073849087276,-0.015519672337248328,0.5387611639297032,1.0849376238855268,15
HMVA-mv,0.16472762617788575,0.18518635159021424,1.0,0.22255919778643957,0.13573078830851973,0.1794538054943904,0.6368577247133912,0.8123100496648681,0.26241352433100035,-0.3695359793818097,-0.013372938596369923,0.5386574474214924,0.9513621649017548,15
