strategy,mean_dSharpe_EW,median_dSharpe_EW,pct_pos_EW,mean_dSortino_EW,mean_dSharpe_SPYK,mean_dSortino_SPYK,mean_sharpe,mean_sortino,mean_calmar,mean_max_dd,mean_var95,mean_hit_rate,mean_turnover,n_cells
HMVA,0.2657783899878333,0.2944195323504118,1.0,0.36346754326135455,0.2551623403721459,0.3449123113952031,0.6503804254766394,0.850737019578713,0.3071574009281901,-0.3758235323923169,-0.015663189371888687,0.5368867975553032,1.1331113989112611,6
HMVA-mv,0.17813122987349206,0.2047493161656737,1.0,0.23427715547158126,0.16751518025780462,0.21572192360542986,0.5627332653622982,0.7215466317889395,0.22744303979461286,-0.3803997459629585,-0.013575724790217443,0.5332900643625941,0.9410288786224553,6
