strategy,AnnReturn,AnnVol,Sharpe,MaxDD,Calmar,Turnover,SharpeStab,Sortino,Omega,VaR95,CVaR95,Skew,Kurt,HitRate,lookback
HMVA,0.1516565387700497,0.17149378654741215,0.8843267259022347,-0.38659625230227745,0.39228662426729966,0.9732897806750721,0.11004819072351767,1.1751786266043394,1.184370868483877,-0.015287504174302018,-0.024501916977761322,-0.008321779185217227,13.40946010643787,0.5407087294727744,504
HRP,0.09262470246456767,0.15595925908921127,0.5939031962929806,-0.42521067518032163,0.2178324954454348,0.4163158226084097,0.11268745890162615,0.7405591177059975,1.1321214812104308,-0.014502452563228234,-0.023453925704755758,-0.19595350521012453,13.851378980642561,0.5443388072601556,504
MVO,0.12101222279214818,0.2625644602857028,0.4608857674815237,-0.5622791601465743,0.21521733574582927,1.1881082302761325,0.11636340935043948,0.6228497386315806,1.1144034033182983,-0.023947174933974556,-0.0368262183960134,0.05846285683800758,16.07855260123959,0.5201382886776145,504
EW,0.08982595160272866,0.1882416298816008,0.47718430646412746,-0.5520665309811985,0.16270856239569398,0.05687272727272727,0.1117126585227906,0.5960707776817384,1.1119736902421578,-0.017778377097755933,-0.028631714560749186,-0.18390785011363042,11.65176402097425,0.5452031114952464,504
SPY-K,0.09509053230523845,0.18906384755663003,0.5029546025543361,-0.5232526005031034,0.1817296888994142,0.06562876870731324,0.11222672636838746,0.6351845904570663,1.1162190976871975,-0.017949922111278247,-0.02865709568665508,-0.12665974625289111,10.546928408929954,0.5434745030250648,504
