Strategy,Sharpe_diff,CI_lo_95,CI_hi_95,LW_p,LW_p_adj,LW_reject
EW,0.22535784961836813,-0.01644389182839484,0.4789314253879631,0.078,0.106,False
SPY-100,0.21956656649379025,-0.04959531174156334,0.4934894337464437,0.106,0.106,False
